region,postpartum,From,n,age_grp,Pill,IUD,Injectable,Condom,F.sterilization,Withdrawal,Implant,Other.trad,Other.mod,group
addis_ababa,0,Condom,0.0,18-20,0.0,0.0,0.0,1.0,0.0,0.0,0.0,0.0,0.0,grp01820
addis_ababa,0,Condom,0.672066,20-25,0.0,0.0,1.0,0.0,0.0,0.0,0.0,0.0,0.0,grp020-25
addis_ababa,0,Condom,0.699948,25-35,0.0,0.0,0.0,0.0,0.0,0.0,0.0,0.0,1.0,grp025-35
addis_ababa,0,Condom,0.0,<18,0.0,0.0,0.0,1.0,0.0,0.0,0.0,0.0,0.0,grp018
addis_ababa,0,Condom,0.0,>35,0.0,0.0,0.0,1.0,0.0,0.0,0.0,0.0,0.0,grp035
addis_ababa,0,F.sterilization,0.0,18-20,0.0,0.0,0.0,0.0,1.0,0.0,0.0,0.0,0.0,grp01820
addis_ababa,0,F.sterilization,0.0,20-25,0.0,0.0,0.0,0.0,1.0,0.0,0.0,0.0,0.0,grp02025
addis_ababa,0,F.sterilization,0.0,25-35,0.0,0.0,0.0,0.0,1.0,0.0,0.0,0.0,0.0,grp02535
addis_ababa,0,F.sterilization,0.0,<18,0.0,0.0,0.0,0.0,1.0,0.0,0.0,0.0,0.0,grp018
addis_ababa,0,F.sterilization,0.0,>35,0.0,0.0,0.0,0.0,1.0,0.0,0.0,0.0,0.0,grp035
addis_ababa,0,IUD,0.527982,18-20,0.0,0.0,1.0,0.0,0.0,0.0,0.0,0.0,0.0,grp018-20
addis_ababa,0,IUD,0.0,20-25,0.0,1.0,0.0,0.0,0.0,0.0,0.0,0.0,0.0,grp02025
addis_ababa,0,IUD,0.449799,25-35,0.0,0.0,0.0,0.0,0.0,0.0,0.0,1.0,0.0,grp025-35
addis_ababa,0,IUD,0.0,<18,0.0,1.0,0.0,0.0,0.0,0.0,0.0,0.0,0.0,grp018
addis_ababa,0,IUD,0.0,>35,0.0,1.0,0.0,0.0,0.0,0.0,0.0,0.0,0.0,grp035
addis_ababa,0,Implant,1.080483,18-20,0.0,0.0,0.47112911540487,0.52887088459513,0.0,0.0,0.0,0.0,0.0,grp018-20
addis_ababa,0,Implant,2.787607,20-25,0.340000939874236,0.0,0.659999060125764,0.0,0.0,0.0,0.0,0.0,0.0,grp020-25
addis_ababa,0,Implant,2.958699,25-35,0.301613986417679,0.163971056197335,0.227149162520419,0.0,0.0,0.0,0.0,0.189097302564404,0.118168492300163,grp025-35
addis_ababa,0,Implant,0.0,<18,0.0,0.0,0.0,0.0,0.0,0.0,1.0,0.0,0.0,grp018
addis_ababa,0,Implant,2.824361,>35,0.143095730326258,0.0,0.589594602106459,0.0395154868658787,0.0,0.0,0.0,0.227794180701405,0.0,grp0>35
addis_ababa,0,Injectable,1.1445,18-20,0.401140235910878,0.0,0.0,0.0,0.0,0.0,0.598859764089122,0.0,0.0,grp018-20
addis_ababa,0,Injectable,9.473417,20-25,0.472798146645503,0.125588581184593,0.0,0.0,0.0,0.0,0.341293326367878,0.0603199458020269,0.0,grp020-25
addis_ababa,0,Injectable,16.826954,25-35,0.543069292279518,0.224478238901705,0.0,0.0241827487018744,0.0,0.0,0.180723379882063,0.0275463402348399,0.0,grp025-35
addis_ababa,0,Injectable,1.3858,<18,0.276183431952663,0.0,0.0,0.297158320103911,0.0,0.0,0.426658247943426,0.0,0.0,grp0<18
addis_ababa,0,Injectable,3.66526,>35,0.566596094137933,0.0,0.0,0.0,0.0,0.162625298068896,0.270778607793172,0.0,0.0,grp0>35
addis_ababa,0,None,0.0,18-20,0.0,0.0,1.0,0.0,0.0,0.0,0.0,0.0,0.0,grp01820
addis_ababa,0,None,0.0,20-25,0.0,0.0,1.0,0.0,0.0,0.0,0.0,0.0,0.0,grp02025
addis_ababa,0,None,0.0,25-35,0.0,0.0,1.0,0.0,0.0,0.0,0.0,0.0,0.0,grp02535
addis_ababa,0,None,0.0,<18,0.0,0.0,1.0,0.0,0.0,0.0,0.0,0.0,0.0,grp018
addis_ababa,0,None,0.0,>35,0.0,0.0,1.0,0.0,0.0,0.0,0.0,0.0,0.0,grp035
addis_ababa,0,Other.mod,0.0,18-20,0.0,0.0,0.0,0.0,0.0,0.0,0.0,0.0,1.0,grp01820
addis_ababa,0,Other.mod,0.917348,20-25,0.466107736649559,0.0,0.0,0.0,0.0,0.0,0.0,0.533892263350441,0.0,grp020-25
addis_ababa,0,Other.mod,0.699948,25-35,0.0,1.0,0.0,0.0,0.0,0.0,0.0,0.0,0.0,grp025-35
addis_ababa,0,Other.mod,1.092114,<18,0.516550470005879,0.0,0.0,0.483449529994121,0.0,0.0,0.0,0.0,0.0,grp0<18
addis_ababa,0,Other.mod,0.0,>35,0.0,0.0,0.0,0.0,0.0,0.0,0.0,0.0,1.0,grp035
addis_ababa,0,Other.trad,0.0,18-20,0.0,0.0,0.0,0.0,0.0,0.0,0.0,1.0,0.0,grp01820
addis_ababa,0,Other.trad,0.596064,20-25,0.0,0.0,0.0,0.0,0.0,0.0,0.0,0.0,1.0,grp020-25
addis_ababa,0,Other.trad,0.559482,25-35,0.0,0.0,0.0,0.0,0.0,0.0,1.0,0.0,0.0,grp025-35
addis_ababa,0,Other.trad,0.0,<18,0.0,0.0,0.0,0.0,0.0,0.0,0.0,1.0,0.0,grp018
addis_ababa,0,Other.trad,0.0,>35,0.0,0.0,0.0,0.0,0.0,0.0,0.0,1.0,0.0,grp035
addis_ababa,0,Pill,0.662023,18-20,0.0,0.0,1.0,0.0,0.0,0.0,0.0,0.0,0.0,grp018-20
addis_ababa,0,Pill,5.690554,20-25,0.0,0.0,0.704464451088593,0.0,0.0,0.0,0.220396467549557,0.0751390813618498,0.0,grp020-25
addis_ababa,0,Pill,6.219851,25-35,0.0,0.177335116227061,0.44818308348544,0.0,0.0,0.0,0.300122623516222,0.0743591767712763,0.0,grp025-35
addis_ababa,0,Pill,0.885858,<18,0.0,0.0,1.0,0.0,0.0,0.0,0.0,0.0,0.0,grp0<18
addis_ababa,0,Pill,1.959285,>35,0.0,0.0,0.190431713609812,0.0,0.0,0.0,0.333582403785054,0.285554168995322,0.190431713609812,grp0>35
addis_ababa,0,Withdrawal,0.0,18-20,0.0,0.0,0.0,0.0,0.0,1.0,0.0,0.0,0.0,grp01820
addis_ababa,0,Withdrawal,0.0,20-25,0.0,0.0,0.0,0.0,0.0,1.0,0.0,0.0,0.0,grp02025
addis_ababa,0,Withdrawal,1.003065,25-35,0.0,0.0,1.0,0.0,0.0,0.0,0.0,0.0,0.0,grp025-35
addis_ababa,0,Withdrawal,0.0,<18,0.0,0.0,0.0,0.0,0.0,1.0,0.0,0.0,0.0,grp018
addis_ababa,0,Withdrawal,0.0,>35,0.0,0.0,0.0,0.0,0.0,1.0,0.0,0.0,0.0,grp035
addis_ababa,1,Birth,7.746489,18-20,0.0,0.274839349800923,0.298372849945311,0.0,0.0,0.0,0.426787800253767,0.0,0.0,grp118-20
addis_ababa,1,Birth,9.581634,20-25,0.0,0.183867908125065,0.583915227820224,0.0,0.0,0.0,0.232216864054711,0.0,0.0,grp120-25
addis_ababa,1,Birth,21.56259,25-35,0.124729311274759,0.212674080432824,0.319720914788066,0.0,0.0,0.0,0.232217743786809,0.110657949717543,0.0,grp125-35
addis_ababa,1,Birth,1.974304,<18,0.331044763116521,0.0,0.436415060699872,0.0,0.0,0.0,0.232540176183607,0.0,0.0,grp1<18
addis_ababa,1,Birth,3.248438,>35,0.0,0.182014555918875,0.327112599963429,0.0,0.166414750720192,0.0,0.324458093397504,0.0,0.0,grp1>35
addis_ababa,6,None,0.0,18-20,0.0,0.0,1.0,0.0,0.0,0.0,0.0,0.0,0.0,grp61820
addis_ababa,6,None,0.0,20-25,0.0,0.0,1.0,0.0,0.0,0.0,0.0,0.0,0.0,grp62025
addis_ababa,6,None,0.0,25-35,0.0,0.0,1.0,0.0,0.0,0.0,0.0,0.0,0.0,grp62535
addis_ababa,6,None,0.0,<18,0.0,0.0,1.0,0.0,0.0,0.0,0.0,0.0,0.0,grp618
addis_ababa,6,None,0.0,>35,0.0,0.0,1.0,0.0,0.0,0.0,0.0,0.0,0.0,grp635
afar,0,Condom,0.0,18-20,0.0,0.0,0.0,1.0,0.0,0.0,0.0,0.0,0.0,grp01820
afar,0,Condom,0.0,20-25,0.0,0.0,0.0,1.0,0.0,0.0,0.0,0.0,0.0,grp02025
afar,0,Condom,0.0,25-35,0.0,0.0,0.0,1.0,0.0,0.0,0.0,0.0,0.0,grp02535
afar,0,Condom,0.0,<18,0.0,0.0,0.0,1.0,0.0,0.0,0.0,0.0,0.0,grp018
afar,0,Condom,0.0,>35,0.0,0.0,0.0,1.0,0.0,0.0,0.0,0.0,0.0,grp035
afar,0,F.sterilization,0.0,18-20,0.0,0.0,0.0,0.0,1.0,0.0,0.0,0.0,0.0,grp01820
afar,0,F.sterilization,0.0,20-25,0.0,0.0,0.0,0.0,1.0,0.0,0.0,0.0,0.0,grp02025
afar,0,F.sterilization,0.0,25-35,0.0,0.0,0.0,0.0,1.0,0.0,0.0,0.0,0.0,grp02535
afar,0,F.sterilization,0.0,<18,0.0,0.0,0.0,0.0,1.0,0.0,0.0,0.0,0.0,grp018
afar,0,F.sterilization,0.0,>35,0.0,0.0,0.0,0.0,1.0,0.0,0.0,0.0,0.0,grp035
afar,0,IUD,0.0,18-20,0.0,1.0,0.0,0.0,0.0,0.0,0.0,0.0,0.0,grp01820
afar,0,IUD,0.0,20-25,0.0,1.0,0.0,0.0,0.0,0.0,0.0,0.0,0.0,grp02025
afar,0,IUD,0.0,25-35,0.0,1.0,0.0,0.0,0.0,0.0,0.0,0.0,0.0,grp02535
afar,0,IUD,0.0,<18,0.0,1.0,0.0,0.0,0.0,0.0,0.0,0.0,0.0,grp018
afar,0,IUD,0.0,>35,0.0,1.0,0.0,0.0,0.0,0.0,0.0,0.0,0.0,grp035
afar,0,Implant,0.0,18-20,0.0,0.0,0.0,0.0,0.0,0.0,1.0,0.0,0.0,grp01820
afar,0,Implant,0.0,20-25,0.0,0.0,0.0,0.0,0.0,0.0,1.0,0.0,0.0,grp02025
afar,0,Implant,0.0,25-35,0.0,0.0,0.0,0.0,0.0,0.0,1.0,0.0,0.0,grp02535
afar,0,Implant,0.0,<18,0.0,0.0,0.0,0.0,0.0,0.0,1.0,0.0,0.0,grp018
afar,0,Implant,0.0,>35,0.0,0.0,0.0,0.0,0.0,0.0,1.0,0.0,0.0,grp035
afar,0,Injectable,0.0,18-20,0.0,0.0,1.0,0.0,0.0,0.0,0.0,0.0,0.0,grp01820
afar,0,Injectable,0.0,20-25,0.0,0.0,1.0,0.0,0.0,0.0,0.0,0.0,0.0,grp02025
afar,0,Injectable,0.136333,25-35,1.0,0.0,0.0,0.0,0.0,0.0,0.0,0.0,0.0,grp025-35
afar,0,Injectable,0.183823,<18,1.0,0.0,0.0,0.0,0.0,0.0,0.0,0.0,0.0,grp0<18
afar,0,Injectable,0.0,>35,0.0,0.0,1.0,0.0,0.0,0.0,0.0,0.0,0.0,grp035
afar,0,None,0.0,18-20,0.0,0.0,1.0,0.0,0.0,0.0,0.0,0.0,0.0,grp01820
afar,0,None,0.0,20-25,0.0,0.0,1.0,0.0,0.0,0.0,0.0,0.0,0.0,grp02025
afar,0,None,0.0,25-35,0.0,0.0,1.0,0.0,0.0,0.0,0.0,0.0,0.0,grp02535
afar,0,None,0.0,<18,0.0,0.0,1.0,0.0,0.0,0.0,0.0,0.0,0.0,grp018
afar,0,None,0.0,>35,0.0,0.0,1.0,0.0,0.0,0.0,0.0,0.0,0.0,grp035
afar,0,Other.mod,0.0,18-20,0.0,0.0,0.0,0.0,0.0,0.0,0.0,0.0,1.0,grp01820
afar,0,Other.mod,0.0,20-25,0.0,0.0,0.0,0.0,0.0,0.0,0.0,0.0,1.0,grp02025
afar,0,Other.mod,0.0,25-35,0.0,0.0,0.0,0.0,0.0,0.0,0.0,0.0,1.0,grp02535
afar,0,Other.mod,0.0,<18,0.0,0.0,0.0,0.0,0.0,0.0,0.0,0.0,1.0,grp018
afar,0,Other.mod,0.0,>35,0.0,0.0,0.0,0.0,0.0,0.0,0.0,0.0,1.0,grp035
afar,0,Other.trad,0.0,18-20,0.0,0.0,0.0,0.0,0.0,0.0,0.0,1.0,0.0,grp01820
afar,0,Other.trad,0.0,20-25,0.0,0.0,0.0,0.0,0.0,0.0,0.0,1.0,0.0,grp02025
afar,0,Other.trad,0.0,25-35,0.0,0.0,0.0,0.0,0.0,0.0,0.0,1.0,0.0,grp02535
afar,0,Other.trad,0.0,<18,0.0,0.0,0.0,0.0,0.0,0.0,0.0,1.0,0.0,grp018
afar,0,Other.trad,0.0,>35,0.0,0.0,0.0,0.0,0.0,0.0,0.0,1.0,0.0,grp035
afar,0,Pill,0.0,18-20,1.0,0.0,0.0,0.0,0.0,0.0,0.0,0.0,0.0,grp01820
afar,0,Pill,0.0,20-25,1.0,0.0,0.0,0.0,0.0,0.0,0.0,0.0,0.0,grp02025
afar,0,Pill,0.183823,25-35,0.0,0.0,1.0,0.0,0.0,0.0,0.0,0.0,0.0,grp025-35
afar,0,Pill,0.0,<18,1.0,0.0,0.0,0.0,0.0,0.0,0.0,0.0,0.0,grp018
afar,0,Pill,0.0,>35,1.0,0.0,0.0,0.0,0.0,0.0,0.0,0.0,0.0,grp035
afar,0,Withdrawal,0.0,18-20,0.0,0.0,0.0,0.0,0.0,1.0,0.0,0.0,0.0,grp01820
afar,0,Withdrawal,0.0,20-25,0.0,0.0,0.0,0.0,0.0,1.0,0.0,0.0,0.0,grp02025
afar,0,Withdrawal,0.0,25-35,0.0,0.0,0.0,0.0,0.0,1.0,0.0,0.0,0.0,grp02535
afar,0,Withdrawal,0.0,<18,0.0,0.0,0.0,0.0,0.0,1.0,0.0,0.0,0.0,grp018
afar,0,Withdrawal,0.0,>35,0.0,0.0,0.0,0.0,0.0,1.0,0.0,0.0,0.0,grp035
afar,1,Birth,0.436448,18-20,0.0,0.0,1.0,0.0,0.0,0.0,0.0,0.0,0.0,grp118-20
afar,1,Birth,1.147804,20-25,0.0,0.0,0.820721133573328,0.0,0.0,0.0,0.179278866426672,0.0,0.0,grp120-25
afar,1,Birth,0.602994,25-35,0.0,0.0,1.0,0.0,0.0,0.0,0.0,0.0,0.0,grp125-35
afar,1,Birth,0.183823,<18,0.0,0.0,1.0,0.0,0.0,0.0,0.0,0.0,0.0,grp1<18
afar,1,Birth,0.0,>35,0.0,0.0,1.0,0.0,0.0,0.0,0.0,0.0,0.0,grp135
afar,6,None,0.0,18-20,0.0,0.0,1.0,0.0,0.0,0.0,0.0,0.0,0.0,grp61820
afar,6,None,0.0,20-25,0.0,0.0,1.0,0.0,0.0,0.0,0.0,0.0,0.0,grp62025
afar,6,None,0.0,25-35,0.0,0.0,1.0,0.0,0.0,0.0,0.0,0.0,0.0,grp62535
afar,6,None,0.0,<18,0.0,0.0,1.0,0.0,0.0,0.0,0.0,0.0,0.0,grp618
afar,6,None,0.0,>35,0.0,0.0,1.0,0.0,0.0,0.0,0.0,0.0,0.0,grp635
amhara,0,Condom,0.0,18-20,0.0,0.0,0.0,1.0,0.0,0.0,0.0,0.0,0.0,grp01820
amhara,0,Condom,0.0,20-25,0.0,0.0,0.0,1.0,0.0,0.0,0.0,0.0,0.0,grp02025
amhara,0,Condom,0.0,25-35,0.0,0.0,0.0,1.0,0.0,0.0,0.0,0.0,0.0,grp02535
amhara,0,Condom,0.0,<18,0.0,0.0,0.0,1.0,0.0,0.0,0.0,0.0,0.0,grp018
amhara,0,Condom,0.0,>35,0.0,0.0,0.0,1.0,0.0,0.0,0.0,0.0,0.0,grp035
amhara,0,F.sterilization,0.0,18-20,0.0,0.0,0.0,0.0,1.0,0.0,0.0,0.0,0.0,grp01820
amhara,0,F.sterilization,0.0,20-25,0.0,0.0,0.0,0.0,1.0,0.0,0.0,0.0,0.0,grp02025
amhara,0,F.sterilization,0.0,25-35,0.0,0.0,0.0,0.0,1.0,0.0,0.0,0.0,0.0,grp02535
amhara,0,F.sterilization,0.0,<18,0.0,0.0,0.0,0.0,1.0,0.0,0.0,0.0,0.0,grp018
amhara,0,F.sterilization,0.0,>35,0.0,0.0,0.0,0.0,1.0,0.0,0.0,0.0,0.0,grp035
amhara,0,IUD,0.0,18-20,0.0,1.0,0.0,0.0,0.0,0.0,0.0,0.0,0.0,grp01820
amhara,0,IUD,3.882808,20-25,0.0,0.0,0.0,0.0,0.0,0.0,1.0,0.0,0.0,grp020-25
amhara,0,IUD,0.0,25-35,0.0,1.0,0.0,0.0,0.0,0.0,0.0,0.0,0.0,grp02535
amhara,0,IUD,0.0,<18,0.0,1.0,0.0,0.0,0.0,0.0,0.0,0.0,0.0,grp018
amhara,0,IUD,2.107266,>35,1.0,0.0,0.0,0.0,0.0,0.0,0.0,0.0,0.0,grp0>35
amhara,0,Implant,0.0,18-20,0.0,0.0,0.0,0.0,0.0,0.0,1.0,0.0,0.0,grp01820
amhara,0,Implant,15.068272,20-25,0.0,0.0736243678107217,0.926375632189278,0.0,0.0,0.0,0.0,0.0,0.0,grp020-25
amhara,0,Implant,9.697427,25-35,0.0,0.0,1.0,0.0,0.0,0.0,0.0,0.0,0.0,grp025-35
amhara,0,Implant,0.0,<18,0.0,0.0,0.0,0.0,0.0,0.0,1.0,0.0,0.0,grp018
amhara,0,Implant,6.079688,>35,0.0,0.0,1.0,0.0,0.0,0.0,0.0,0.0,0.0,grp0>35
amhara,0,Injectable,12.351859,18-20,0.123544075430265,0.363047133229095,0.0,0.0,0.0,0.0,0.513408791340639,0.0,0.0,grp018-20
amhara,0,Injectable,34.795243,20-25,0.136105645245817,0.282885623187055,0.0,0.0,0.0,0.0,0.528225481856816,0.0527832497103124,0.0,grp020-25
amhara,0,Injectable,67.80024,25-35,0.105071220986828,0.220171020043587,0.0,0.0,0.0,0.0,0.632975930468683,0.0417818285009021,0.0,grp025-35
amhara,0,Injectable,8.546825,<18,0.178545717269278,0.28845109148719,0.0,0.0,0.0,0.0,0.533003191243532,0.0,0.0,grp0<18
amhara,0,Injectable,18.329843,>35,0.212120638458278,0.114963668810475,0.0,0.0,0.0,0.0,0.672915692731247,0.0,0.0,grp0>35
amhara,0,None,0.0,18-20,0.0,0.0,1.0,0.0,0.0,0.0,0.0,0.0,0.0,grp01820
amhara,0,None,0.0,20-25,0.0,0.0,1.0,0.0,0.0,0.0,0.0,0.0,0.0,grp02025
amhara,0,None,0.0,25-35,0.0,0.0,1.0,0.0,0.0,0.0,0.0,0.0,0.0,grp02535
amhara,0,None,0.0,<18,0.0,0.0,1.0,0.0,0.0,0.0,0.0,0.0,0.0,grp018
amhara,0,None,0.0,>35,0.0,0.0,1.0,0.0,0.0,0.0,0.0,0.0,0.0,grp035
amhara,0,Other.mod,0.0,18-20,0.0,0.0,0.0,0.0,0.0,0.0,0.0,0.0,1.0,grp01820
amhara,0,Other.mod,0.0,20-25,0.0,0.0,0.0,0.0,0.0,0.0,0.0,0.0,1.0,grp02025
amhara,0,Other.mod,0.0,25-35,0.0,0.0,0.0,0.0,0.0,0.0,0.0,0.0,1.0,grp02535
amhara,0,Other.mod,0.0,<18,0.0,0.0,0.0,0.0,0.0,0.0,0.0,0.0,1.0,grp018
amhara,0,Other.mod,0.0,>35,0.0,0.0,0.0,0.0,0.0,0.0,0.0,0.0,1.0,grp035
amhara,0,Other.trad,0.0,18-20,0.0,0.0,0.0,0.0,0.0,0.0,0.0,1.0,0.0,grp01820
amhara,0,Other.trad,0.0,20-25,0.0,0.0,0.0,0.0,0.0,0.0,0.0,1.0,0.0,grp02025
amhara,0,Other.trad,0.0,25-35,0.0,0.0,0.0,0.0,0.0,0.0,0.0,1.0,0.0,grp02535
amhara,0,Other.trad,0.0,<18,0.0,0.0,0.0,0.0,0.0,0.0,0.0,1.0,0.0,grp018
amhara,0,Other.trad,0.0,>35,0.0,0.0,0.0,0.0,0.0,0.0,0.0,1.0,0.0,grp035
amhara,0,Pill,0.0,18-20,1.0,0.0,0.0,0.0,0.0,0.0,0.0,0.0,0.0,grp01820
amhara,0,Pill,2.597618,20-25,0.0,0.0,0.427080502213951,0.0,0.0,0.0,0.572919497786049,0.0,0.0,grp020-25
amhara,0,Pill,9.05615,25-35,0.0,0.0,0.615673216543454,0.0,0.0,0.0,0.384326783456546,0.0,0.0,grp025-35
amhara,0,Pill,10.283009,<18,0.0,0.0,1.0,0.0,0.0,0.0,0.0,0.0,0.0,grp0<18
amhara,0,Pill,4.76436,>35,0.0,0.44229781124852,0.55770218875148,0.0,0.0,0.0,0.0,0.0,0.0,grp0>35
amhara,0,Withdrawal,0.0,18-20,0.0,0.0,0.0,0.0,0.0,1.0,0.0,0.0,0.0,grp01820
amhara,0,Withdrawal,0.0,20-25,0.0,0.0,0.0,0.0,0.0,1.0,0.0,0.0,0.0,grp02025
amhara,0,Withdrawal,0.0,25-35,0.0,0.0,0.0,0.0,0.0,1.0,0.0,0.0,0.0,grp02535
amhara,0,Withdrawal,0.0,<18,0.0,0.0,0.0,0.0,0.0,1.0,0.0,0.0,0.0,grp018
amhara,0,Withdrawal,0.0,>35,0.0,0.0,0.0,0.0,0.0,1.0,0.0,0.0,0.0,grp035
amhara,1,Birth,16.799673,18-20,0.0,0.0,0.884931212649199,0.0,0.0,0.0,0.115068787350801,0.0,0.0,grp118-20
amhara,1,Birth,30.339007,20-25,0.0,0.0,0.857384158947588,0.0,0.0,0.0709476417603252,0.0716681992920863,0.0,0.0,grp120-25
amhara,1,Birth,45.187328,25-35,0.184663917282296,0.0,0.769684102587345,0.0,0.0,0.0,0.0456519801303587,0.0,0.0,grp125-35
amhara,1,Birth,19.856125,<18,0.0,0.0,0.877968233983217,0.0,0.0,0.0,0.122031766016783,0.0,0.0,grp1<18
amhara,1,Birth,16.006908,>35,0.0,0.194932650328221,0.544868503023819,0.0,0.26019884664796,0.0,0.0,0.0,0.0,grp1>35
amhara,6,None,0.0,18-20,0.0,0.0,1.0,0.0,0.0,0.0,0.0,0.0,0.0,grp61820
amhara,6,None,0.0,20-25,0.0,0.0,1.0,0.0,0.0,0.0,0.0,0.0,0.0,grp62025
amhara,6,None,0.0,25-35,0.0,0.0,1.0,0.0,0.0,0.0,0.0,0.0,0.0,grp62535
amhara,6,None,0.0,<18,0.0,0.0,1.0,0.0,0.0,0.0,0.0,0.0,0.0,grp618
amhara,6,None,0.0,>35,0.0,0.0,1.0,0.0,0.0,0.0,0.0,0.0,0.0,grp635
benishangul_gumuz,0,Condom,0.0,18-20,0.0,0.0,0.0,1.0,0.0,0.0,0.0,0.0,0.0,grp01820
benishangul_gumuz,0,Condom,0.0,20-25,0.0,0.0,0.0,1.0,0.0,0.0,0.0,0.0,0.0,grp02025
benishangul_gumuz,0,Condom,0.0,25-35,0.0,0.0,0.0,1.0,0.0,0.0,0.0,0.0,0.0,grp02535
benishangul_gumuz,0,Condom,0.0,<18,0.0,0.0,0.0,1.0,0.0,0.0,0.0,0.0,0.0,grp018
benishangul_gumuz,0,Condom,0.0,>35,0.0,0.0,0.0,1.0,0.0,0.0,0.0,0.0,0.0,grp035
benishangul_gumuz,0,F.sterilization,0.0,18-20,0.0,0.0,0.0,0.0,1.0,0.0,0.0,0.0,0.0,grp01820
benishangul_gumuz,0,F.sterilization,0.0,20-25,0.0,0.0,0.0,0.0,1.0,0.0,0.0,0.0,0.0,grp02025
benishangul_gumuz,0,F.sterilization,0.0,25-35,0.0,0.0,0.0,0.0,1.0,0.0,0.0,0.0,0.0,grp02535
benishangul_gumuz,0,F.sterilization,0.0,<18,0.0,0.0,0.0,0.0,1.0,0.0,0.0,0.0,0.0,grp018
benishangul_gumuz,0,F.sterilization,0.0,>35,0.0,0.0,0.0,0.0,1.0,0.0,0.0,0.0,0.0,grp035
benishangul_gumuz,0,IUD,0.0,18-20,0.0,1.0,0.0,0.0,0.0,0.0,0.0,0.0,0.0,grp01820
benishangul_gumuz,0,IUD,0.0,20-25,0.0,1.0,0.0,0.0,0.0,0.0,0.0,0.0,0.0,grp02025
benishangul_gumuz,0,IUD,0.0,25-35,0.0,1.0,0.0,0.0,0.0,0.0,0.0,0.0,0.0,grp02535
benishangul_gumuz,0,IUD,0.0,<18,0.0,1.0,0.0,0.0,0.0,0.0,0.0,0.0,0.0,grp018
benishangul_gumuz,0,IUD,0.0,>35,0.0,1.0,0.0,0.0,0.0,0.0,0.0,0.0,0.0,grp035
benishangul_gumuz,0,Implant,0.0,18-20,0.0,0.0,0.0,0.0,0.0,0.0,1.0,0.0,0.0,grp01820
benishangul_gumuz,0,Implant,0.398353,20-25,0.0,0.0,1.0,0.0,0.0,0.0,0.0,0.0,0.0,grp020-25
benishangul_gumuz,0,Implant,0.23958,25-35,0.0,0.5,0.5,0.0,0.0,0.0,0.0,0.0,0.0,grp025-35
benishangul_gumuz,0,Implant,0.286013,<18,0.0,0.0,1.0,0.0,0.0,0.0,0.0,0.0,0.0,grp0<18
benishangul_gumuz,0,Implant,0.239103,>35,0.643739309000724,0.0,0.356260690999276,0.0,0.0,0.0,0.0,0.0,0.0,grp0>35
benishangul_gumuz,0,Injectable,0.311545,18-20,0.0,0.546868028695694,0.0,0.0,0.0,0.0,0.453131971304306,0.0,0.0,grp018-20
benishangul_gumuz,0,Injectable,0.514471,20-25,0.0,0.274400306334079,0.0,0.0,0.0,0.0,0.725599693665921,0.0,0.0,grp020-25
benishangul_gumuz,0,Injectable,0.81264,25-35,0.0,0.322708702500492,0.0,0.0,0.0,0.0,0.582063398306753,0.0952278991927545,0.0,grp025-35
benishangul_gumuz,0,Injectable,0.296282,<18,1.0,0.0,0.0,0.0,0.0,0.0,0.0,0.0,0.0,grp0<18
benishangul_gumuz,0,Injectable,0.622654,>35,0.0,0.0,0.0,0.0,0.0,0.0,1.0,0.0,0.0,grp0>35
benishangul_gumuz,0,None,0.0,18-20,0.0,0.0,1.0,0.0,0.0,0.0,0.0,0.0,0.0,grp01820
benishangul_gumuz,0,None,0.0,20-25,0.0,0.0,1.0,0.0,0.0,0.0,0.0,0.0,0.0,grp02025
benishangul_gumuz,0,None,0.0,25-35,0.0,0.0,1.0,0.0,0.0,0.0,0.0,0.0,0.0,grp02535
benishangul_gumuz,0,None,0.0,<18,0.0,0.0,1.0,0.0,0.0,0.0,0.0,0.0,0.0,grp018
benishangul_gumuz,0,None,0.0,>35,0.0,0.0,1.0,0.0,0.0,0.0,0.0,0.0,0.0,grp035
benishangul_gumuz,0,Other.mod,0.0,18-20,0.0,0.0,0.0,0.0,0.0,0.0,0.0,0.0,1.0,grp01820
benishangul_gumuz,0,Other.mod,0.0,20-25,0.0,0.0,0.0,0.0,0.0,0.0,0.0,0.0,1.0,grp02025
benishangul_gumuz,0,Other.mod,0.0,25-35,0.0,0.0,0.0,0.0,0.0,0.0,0.0,0.0,1.0,grp02535
benishangul_gumuz,0,Other.mod,0.0,<18,0.0,0.0,0.0,0.0,0.0,0.0,0.0,0.0,1.0,grp018
benishangul_gumuz,0,Other.mod,0.0,>35,0.0,0.0,0.0,0.0,0.0,0.0,0.0,0.0,1.0,grp035
benishangul_gumuz,0,Other.trad,0.0,18-20,0.0,0.0,0.0,0.0,0.0,0.0,0.0,1.0,0.0,grp01820
benishangul_gumuz,0,Other.trad,0.0,20-25,0.0,0.0,0.0,0.0,0.0,0.0,0.0,1.0,0.0,grp02025
benishangul_gumuz,0,Other.trad,0.0,25-35,0.0,0.0,0.0,0.0,0.0,0.0,0.0,1.0,0.0,grp02535
benishangul_gumuz,0,Other.trad,0.0,<18,0.0,0.0,0.0,0.0,0.0,0.0,0.0,1.0,0.0,grp018
benishangul_gumuz,0,Other.trad,0.0,>35,0.0,0.0,0.0,0.0,0.0,0.0,0.0,1.0,0.0,grp035
benishangul_gumuz,0,Pill,0.0,18-20,1.0,0.0,0.0,0.0,0.0,0.0,0.0,0.0,0.0,grp01820
benishangul_gumuz,0,Pill,0.0,20-25,1.0,0.0,0.0,0.0,0.0,0.0,0.0,0.0,0.0,grp02025
benishangul_gumuz,0,Pill,0.11979,25-35,0.0,0.0,1.0,0.0,0.0,0.0,0.0,0.0,0.0,grp025-35
benishangul_gumuz,0,Pill,0.0,<18,1.0,0.0,0.0,0.0,0.0,0.0,0.0,0.0,0.0,grp018
benishangul_gumuz,0,Pill,0.15392,>35,0.0,0.0,1.0,0.0,0.0,0.0,0.0,0.0,0.0,grp0>35
benishangul_gumuz,0,Withdrawal,0.0,18-20,0.0,0.0,0.0,0.0,0.0,1.0,0.0,0.0,0.0,grp01820
benishangul_gumuz,0,Withdrawal,0.0,20-25,0.0,0.0,0.0,0.0,0.0,1.0,0.0,0.0,0.0,grp02025
benishangul_gumuz,0,Withdrawal,0.0,25-35,0.0,0.0,0.0,0.0,0.0,1.0,0.0,0.0,0.0,grp02535
benishangul_gumuz,0,Withdrawal,0.0,<18,0.0,0.0,0.0,0.0,0.0,1.0,0.0,0.0,0.0,grp018
benishangul_gumuz,0,Withdrawal,0.0,>35,0.0,0.0,0.0,0.0,0.0,1.0,0.0,0.0,0.0,grp035
benishangul_gumuz,1,Birth,0.15392,18-20,0.0,0.0,1.0,0.0,0.0,0.0,0.0,0.0,0.0,grp118-20
benishangul_gumuz,1,Birth,0.513257,20-25,0.0,0.0,1.0,0.0,0.0,0.0,0.0,0.0,0.0,grp120-25
benishangul_gumuz,1,Birth,1.267211,25-35,0.0853149159847886,0.111593886101052,0.609659322717369,0.0,0.0,0.0,0.19343187519679,0.0,0.0,grp125-35
benishangul_gumuz,1,Birth,0.5156,<18,0.0,0.0,1.0,0.0,0.0,0.0,0.0,0.0,0.0,grp1<18
benishangul_gumuz,1,Birth,0.163785,>35,0.0,0.0,0.596098543822694,0.0,0.403901456177306,0.0,0.0,0.0,0.0,grp1>35
benishangul_gumuz,6,None,0.0,18-20,0.0,0.0,1.0,0.0,0.0,0.0,0.0,0.0,0.0,grp61820
benishangul_gumuz,6,None,0.0,20-25,0.0,0.0,1.0,0.0,0.0,0.0,0.0,0.0,0.0,grp62025
benishangul_gumuz,6,None,0.0,25-35,0.0,0.0,1.0,0.0,0.0,0.0,0.0,0.0,0.0,grp62535
benishangul_gumuz,6,None,0.0,<18,0.0,0.0,1.0,0.0,0.0,0.0,0.0,0.0,0.0,grp618
benishangul_gumuz,6,None,0.0,>35,0.0,0.0,1.0,0.0,0.0,0.0,0.0,0.0,0.0,grp635
central,0,Condom,0.0,18-20,0.0,0.0,0.0,1.0,0.0,0.0,0.0,0.0,0.0,grp01820
central,0,Condom,0.0,20-25,0.0,0.0,0.0,1.0,0.0,0.0,0.0,0.0,0.0,grp02025
central,0,Condom,0.0,25-35,0.0,0.0,0.0,1.0,0.0,0.0,0.0,0.0,0.0,grp02535
central,0,Condom,0.0,<18,0.0,0.0,0.0,1.0,0.0,0.0,0.0,0.0,0.0,grp018
central,0,Condom,0.0,>35,0.0,0.0,0.0,1.0,0.0,0.0,0.0,0.0,0.0,grp035
central,0,F.sterilization,0.0,18-20,0.0,0.0,0.0,0.0,1.0,0.0,0.0,0.0,0.0,grp01820
central,0,F.sterilization,0.0,20-25,0.0,0.0,0.0,0.0,1.0,0.0,0.0,0.0,0.0,grp02025
central,0,F.sterilization,0.0,25-35,0.0,0.0,0.0,0.0,1.0,0.0,0.0,0.0,0.0,grp02535
central,0,F.sterilization,0.0,<18,0.0,0.0,0.0,0.0,1.0,0.0,0.0,0.0,0.0,grp018
central,0,F.sterilization,0.0,>35,0.0,0.0,0.0,0.0,1.0,0.0,0.0,0.0,0.0,grp035
central,0,IUD,0.0,18-20,0.0,1.0,0.0,0.0,0.0,0.0,0.0,0.0,0.0,grp01820
central,0,IUD,0.0,20-25,0.0,1.0,0.0,0.0,0.0,0.0,0.0,0.0,0.0,grp02025
central,0,IUD,0.0,25-35,0.0,1.0,0.0,0.0,0.0,0.0,0.0,0.0,0.0,grp02535
central,0,IUD,0.0,<18,0.0,1.0,0.0,0.0,0.0,0.0,0.0,0.0,0.0,grp018
central,0,IUD,0.0,>35,0.0,1.0,0.0,0.0,0.0,0.0,0.0,0.0,0.0,grp035
central,0,Implant,0.0,18-20,0.0,0.0,0.0,0.0,0.0,0.0,1.0,0.0,0.0,grp01820
central,0,Implant,3.230604,20-25,0.0,0.0,1.0,0.0,0.0,0.0,0.0,0.0,0.0,grp020-25
central,0,Implant,0.0,25-35,0.0,0.0,0.0,0.0,0.0,0.0,1.0,0.0,0.0,grp02535
central,0,Implant,0.0,<18,0.0,0.0,0.0,0.0,0.0,0.0,1.0,0.0,0.0,grp018
central,0,Implant,1.740988,>35,0.0,0.0,1.0,0.0,0.0,0.0,0.0,0.0,0.0,grp0>35
central,0,Injectable,4.714357,18-20,0.361066419025967,0.0,0.0,0.0,0.0,0.0,0.638933580974033,0.0,0.0,grp018-20
central,0,Injectable,5.62702,20-25,0.735700779453423,0.0,0.0,0.0,0.0,0.0,0.0,0.0,0.264299220546577,grp020-25
central,0,Injectable,11.257822,25-35,0.163032867281078,0.0,0.0,0.0,0.148756926517403,0.0,0.688210206201519,0.0,0.0,grp025-35
central,0,Injectable,1.317149,<18,0.0,0.0,0.0,0.0,0.0,0.0,0.0,1.0,0.0,grp0<18
central,0,Injectable,3.485372,>35,0.49951282101308,0.0,0.0,0.0,0.0,0.0,0.50048717898692,0.0,0.0,grp0>35
central,0,None,0.0,18-20,0.0,0.0,1.0,0.0,0.0,0.0,0.0,0.0,0.0,grp01820
central,0,None,0.0,20-25,0.0,0.0,1.0,0.0,0.0,0.0,0.0,0.0,0.0,grp02025
central,0,None,0.0,25-35,0.0,0.0,1.0,0.0,0.0,0.0,0.0,0.0,0.0,grp02535
central,0,None,0.0,<18,0.0,0.0,1.0,0.0,0.0,0.0,0.0,0.0,0.0,grp018
central,0,None,0.0,>35,0.0,0.0,1.0,0.0,0.0,0.0,0.0,0.0,0.0,grp035
central,0,Other.mod,0.0,18-20,0.0,0.0,0.0,0.0,0.0,0.0,0.0,0.0,1.0,grp01820
central,0,Other.mod,0.0,20-25,0.0,0.0,0.0,0.0,0.0,0.0,0.0,0.0,1.0,grp02025
central,0,Other.mod,0.0,25-35,0.0,0.0,0.0,0.0,0.0,0.0,0.0,0.0,1.0,grp02535
central,0,Other.mod,0.0,<18,0.0,0.0,0.0,0.0,0.0,0.0,0.0,0.0,1.0,grp018
central,0,Other.mod,0.0,>35,0.0,0.0,0.0,0.0,0.0,0.0,0.0,0.0,1.0,grp035
central,0,Other.trad,0.0,18-20,0.0,0.0,0.0,0.0,0.0,0.0,0.0,1.0,0.0,grp01820
central,0,Other.trad,0.0,20-25,0.0,0.0,0.0,0.0,0.0,0.0,0.0,1.0,0.0,grp02025
central,0,Other.trad,0.0,25-35,0.0,0.0,0.0,0.0,0.0,0.0,0.0,1.0,0.0,grp02535
central,0,Other.trad,0.0,<18,0.0,0.0,0.0,0.0,0.0,0.0,0.0,1.0,0.0,grp018
central,0,Other.trad,0.0,>35,0.0,0.0,0.0,0.0,0.0,0.0,0.0,1.0,0.0,grp035
central,0,Pill,0.0,18-20,1.0,0.0,0.0,0.0,0.0,0.0,0.0,0.0,0.0,grp01820
central,0,Pill,5.687642,20-25,0.0,0.0,0.662389440122989,0.0,0.0,0.0,0.33761055987701,0.0,0.0,grp020-25
central,0,Pill,2.870258,25-35,0.0,0.0,1.0,0.0,0.0,0.0,0.0,0.0,0.0,grp025-35
central,0,Pill,0.0,<18,1.0,0.0,0.0,0.0,0.0,0.0,0.0,0.0,0.0,grp018
central,0,Pill,0.0,>35,1.0,0.0,0.0,0.0,0.0,0.0,0.0,0.0,0.0,grp035
central,0,Withdrawal,0.0,18-20,0.0,0.0,0.0,0.0,0.0,1.0,0.0,0.0,0.0,grp01820
central,0,Withdrawal,0.0,20-25,0.0,0.0,0.0,0.0,0.0,1.0,0.0,0.0,0.0,grp02025
central,0,Withdrawal,0.0,25-35,0.0,0.0,0.0,0.0,0.0,1.0,0.0,0.0,0.0,grp02535
central,0,Withdrawal,0.0,<18,0.0,0.0,0.0,0.0,0.0,1.0,0.0,0.0,0.0,grp018
central,0,Withdrawal,0.0,>35,0.0,0.0,0.0,0.0,0.0,1.0,0.0,0.0,0.0,grp035
central,1,Birth,24.444484,18-20,0.0710458850348406,0.0,0.601617731018581,0.0,0.0,0.0,0.327336383946579,0.0,0.0,grp118-20
central,1,Birth,42.658923,20-25,0.014104083218416,0.0623834549221976,0.90940837864097,0.0,0.0,0.0,0.014104083218416,0.0,0.0,grp120-25
central,1,Birth,51.641807,25-35,0.0816598652328336,0.0400814983100804,0.64119526259025,0.0,0.0338918814362944,0.0,0.203171492430542,0.0,0.0,grp125-35
central,1,Birth,11.085917,<18,0.0,0.138784008575926,0.703336584605495,0.0,0.0,0.0,0.157879406818579,0.0,0.0,grp1<18
central,1,Birth,18.635577,>35,0.0322858261914831,0.116368492373485,0.763274407870494,0.0,0.0,0.0,0.0880712735645373,0.0,0.0,grp1>35
central,6,None,0.0,18-20,0.0,0.0,1.0,0.0,0.0,0.0,0.0,0.0,0.0,grp61820
central,6,None,0.0,20-25,0.0,0.0,1.0,0.0,0.0,0.0,0.0,0.0,0.0,grp62025
central,6,None,0.0,25-35,0.0,0.0,1.0,0.0,0.0,0.0,0.0,0.0,0.0,grp62535
central,6,None,0.0,<18,0.0,0.0,1.0,0.0,0.0,0.0,0.0,0.0,0.0,grp618
central,6,None,0.0,>35,0.0,0.0,1.0,0.0,0.0,0.0,0.0,0.0,0.0,grp635
dire_dawa,0,Condom,0.2917,18-20,0.0,0.330815906753514,0.0,0.0,0.0,0.0,0.0,0.0,0.669184093246486,grp018-20
dire_dawa,0,Condom,0.0,20-25,0.0,0.0,0.0,1.0,0.0,0.0,0.0,0.0,0.0,grp02025
dire_dawa,0,Condom,0.0,25-35,0.0,0.0,0.0,1.0,0.0,0.0,0.0,0.0,0.0,grp02535
dire_dawa,0,Condom,0.0,<18,0.0,0.0,0.0,1.0,0.0,0.0,0.0,0.0,0.0,grp018
dire_dawa,0,Condom,0.0,>35,0.0,0.0,0.0,1.0,0.0,0.0,0.0,0.0,0.0,grp035
dire_dawa,0,F.sterilization,0.0,18-20,0.0,0.0,0.0,0.0,1.0,0.0,0.0,0.0,0.0,grp01820
dire_dawa,0,F.sterilization,0.0,20-25,0.0,0.0,0.0,0.0,1.0,0.0,0.0,0.0,0.0,grp02025
dire_dawa,0,F.sterilization,0.0,25-35,0.0,0.0,0.0,0.0,1.0,0.0,0.0,0.0,0.0,grp02535
dire_dawa,0,F.sterilization,0.0,<18,0.0,0.0,0.0,0.0,1.0,0.0,0.0,0.0,0.0,grp018
dire_dawa,0,F.sterilization,0.0,>35,0.0,0.0,0.0,0.0,1.0,0.0,0.0,0.0,0.0,grp035
dire_dawa,0,IUD,0.0,18-20,0.0,1.0,0.0,0.0,0.0,0.0,0.0,0.0,0.0,grp01820
dire_dawa,0,IUD,0.0,20-25,0.0,1.0,0.0,0.0,0.0,0.0,0.0,0.0,0.0,grp02025
dire_dawa,0,IUD,0.0,25-35,0.0,1.0,0.0,0.0,0.0,0.0,0.0,0.0,0.0,grp02535
dire_dawa,0,IUD,0.0,<18,0.0,1.0,0.0,0.0,0.0,0.0,0.0,0.0,0.0,grp018
dire_dawa,0,IUD,0.0,>35,0.0,1.0,0.0,0.0,0.0,0.0,0.0,0.0,0.0,grp035
dire_dawa,0,Implant,0.042716,18-20,0.0,0.0,1.0,0.0,0.0,0.0,0.0,0.0,0.0,grp018-20
dire_dawa,0,Implant,0.409237,20-25,0.358528187822704,0.0,0.641471812177296,0.0,0.0,0.0,0.0,0.0,0.0,grp020-25
dire_dawa,0,Implant,0.566101,25-35,0.0,0.265563918806008,0.378280554176728,0.0,0.0,0.0,0.0,0.356155527017264,0.0,grp025-35
dire_dawa,0,Implant,0.062169,<18,0.0,0.0,0.0,0.0,0.0,0.0,0.0,1.0,0.0,grp0<18
dire_dawa,0,Implant,0.0,>35,0.0,0.0,0.0,0.0,0.0,0.0,1.0,0.0,0.0,grp035
dire_dawa,0,Injectable,0.0,18-20,0.0,0.0,1.0,0.0,0.0,0.0,0.0,0.0,0.0,grp01820
dire_dawa,0,Injectable,0.832314,20-25,0.148757560247695,0.0513219770423182,0.0,0.0,0.0,0.0,0.565392387968964,0.234528074741023,0.0,grp020-25
dire_dawa,0,Injectable,0.527732,25-35,0.514744226236044,0.0,0.0,0.0,0.0,0.0,0.485255773763956,0.0,0.0,grp025-35
dire_dawa,0,Injectable,0.0,<18,0.0,0.0,1.0,0.0,0.0,0.0,0.0,0.0,0.0,grp018
dire_dawa,0,Injectable,0.064391,>35,0.0,0.0,0.0,1.0,0.0,0.0,0.0,0.0,0.0,grp0>35
dire_dawa,0,None,0.0,18-20,0.0,0.0,1.0,0.0,0.0,0.0,0.0,0.0,0.0,grp01820
dire_dawa,0,None,0.0,20-25,0.0,0.0,1.0,0.0,0.0,0.0,0.0,0.0,0.0,grp02025
dire_dawa,0,None,0.0,25-35,0.0,0.0,1.0,0.0,0.0,0.0,0.0,0.0,0.0,grp02535
dire_dawa,0,None,0.0,<18,0.0,0.0,1.0,0.0,0.0,0.0,0.0,0.0,0.0,grp018
dire_dawa,0,None,0.0,>35,0.0,0.0,1.0,0.0,0.0,0.0,0.0,0.0,0.0,grp035
dire_dawa,0,Other.mod,0.0,18-20,0.0,0.0,0.0,0.0,0.0,0.0,0.0,0.0,1.0,grp01820
dire_dawa,0,Other.mod,0.0,20-25,0.0,0.0,0.0,0.0,0.0,0.0,0.0,0.0,1.0,grp02025
dire_dawa,0,Other.mod,0.0,25-35,0.0,0.0,0.0,0.0,0.0,0.0,0.0,0.0,1.0,grp02535
dire_dawa,0,Other.mod,0.0,<18,0.0,0.0,0.0,0.0,0.0,0.0,0.0,0.0,1.0,grp018
dire_dawa,0,Other.mod,0.0,>35,0.0,0.0,0.0,0.0,0.0,0.0,0.0,0.0,1.0,grp035
dire_dawa,0,Other.trad,0.0,18-20,0.0,0.0,0.0,0.0,0.0,0.0,0.0,1.0,0.0,grp01820
dire_dawa,0,Other.trad,0.266011,20-25,0.0,0.0,0.242061418512768,0.0,0.0,0.0,0.757938581487232,0.0,0.0,grp020-25
dire_dawa,0,Other.trad,0.0,25-35,0.0,0.0,0.0,0.0,0.0,0.0,0.0,1.0,0.0,grp02535
dire_dawa,0,Other.trad,0.0,<18,0.0,0.0,0.0,0.0,0.0,0.0,0.0,1.0,0.0,grp018
dire_dawa,0,Other.trad,0.0,>35,0.0,0.0,0.0,0.0,0.0,0.0,0.0,1.0,0.0,grp035
dire_dawa,0,Pill,0.0,18-20,1.0,0.0,0.0,0.0,0.0,0.0,0.0,0.0,0.0,grp01820
dire_dawa,0,Pill,0.179091,20-25,0.0,0.0,0.0,0.0,0.0,0.0,1.0,0.0,0.0,grp020-25
dire_dawa,0,Pill,0.207256,25-35,0.0,0.0,1.0,0.0,0.0,0.0,0.0,0.0,0.0,grp025-35
dire_dawa,0,Pill,0.0,<18,1.0,0.0,0.0,0.0,0.0,0.0,0.0,0.0,0.0,grp018
dire_dawa,0,Pill,0.075809,>35,0.0,0.0,1.0,0.0,0.0,0.0,0.0,0.0,0.0,grp0>35
dire_dawa,0,Withdrawal,0.0,18-20,0.0,0.0,0.0,0.0,0.0,1.0,0.0,0.0,0.0,grp01820
dire_dawa,0,Withdrawal,0.0,20-25,0.0,0.0,0.0,0.0,0.0,1.0,0.0,0.0,0.0,grp02025
dire_dawa,0,Withdrawal,0.0,25-35,0.0,0.0,0.0,0.0,0.0,1.0,0.0,0.0,0.0,grp02535
dire_dawa,0,Withdrawal,0.0,<18,0.0,0.0,0.0,0.0,0.0,1.0,0.0,0.0,0.0,grp018
dire_dawa,0,Withdrawal,0.0,>35,0.0,0.0,0.0,0.0,0.0,1.0,0.0,0.0,0.0,grp035
dire_dawa,1,Birth,0.118107,18-20,0.0,0.0,0.0,0.0,0.0,0.0,1.0,0.0,0.0,grp118-20
dire_dawa,1,Birth,0.895187,20-25,0.0,0.066864241772948,0.233547850895958,0.0,0.0,0.0,0.699587907331094,0.0,0.0,grp120-25
dire_dawa,1,Birth,0.883246,25-35,0.0792553829850347,0.0,0.177023162290008,0.0,0.0,0.0,0.650211832264171,0.0935096224607867,0.0,grp125-35
dire_dawa,1,Birth,0.403394,<18,0.0,0.0,0.341670922224922,0.0,0.0,0.0,0.658329077775078,0.0,0.0,grp1<18
dire_dawa,1,Birth,0.0,>35,0.0,0.0,1.0,0.0,0.0,0.0,0.0,0.0,0.0,grp135
dire_dawa,6,None,0.0,18-20,0.0,0.0,1.0,0.0,0.0,0.0,0.0,0.0,0.0,grp61820
dire_dawa,6,None,0.0,20-25,0.0,0.0,1.0,0.0,0.0,0.0,0.0,0.0,0.0,grp62025
dire_dawa,6,None,0.0,25-35,0.0,0.0,1.0,0.0,0.0,0.0,0.0,0.0,0.0,grp62535
dire_dawa,6,None,0.0,<18,0.0,0.0,1.0,0.0,0.0,0.0,0.0,0.0,0.0,grp618
dire_dawa,6,None,0.0,>35,0.0,0.0,1.0,0.0,0.0,0.0,0.0,0.0,0.0,grp635
gambela,0,Condom,0.0,18-20,0.0,0.0,0.0,1.0,0.0,0.0,0.0,0.0,0.0,grp01820
gambela,0,Condom,0.0,20-25,0.0,0.0,0.0,1.0,0.0,0.0,0.0,0.0,0.0,grp02025
gambela,0,Condom,0.0,25-35,0.0,0.0,0.0,1.0,0.0,0.0,0.0,0.0,0.0,grp02535
gambela,0,Condom,0.064684,<18,0.0,0.0,1.0,0.0,0.0,0.0,0.0,0.0,0.0,grp0<18
gambela,0,Condom,0.041939,>35,0.0,0.0,1.0,0.0,0.0,0.0,0.0,0.0,0.0,grp0>35
gambela,0,F.sterilization,0.0,18-20,0.0,0.0,0.0,0.0,1.0,0.0,0.0,0.0,0.0,grp01820
gambela,0,F.sterilization,0.0,20-25,0.0,0.0,0.0,0.0,1.0,0.0,0.0,0.0,0.0,grp02025
gambela,0,F.sterilization,0.0,25-35,0.0,0.0,0.0,0.0,1.0,0.0,0.0,0.0,0.0,grp02535
gambela,0,F.sterilization,0.0,<18,0.0,0.0,0.0,0.0,1.0,0.0,0.0,0.0,0.0,grp018
gambela,0,F.sterilization,0.0,>35,0.0,0.0,0.0,0.0,1.0,0.0,0.0,0.0,0.0,grp035
gambela,0,IUD,0.0,18-20,0.0,1.0,0.0,0.0,0.0,0.0,0.0,0.0,0.0,grp01820
gambela,0,IUD,0.0,20-25,0.0,1.0,0.0,0.0,0.0,0.0,0.0,0.0,0.0,grp02025
gambela,0,IUD,0.0,25-35,0.0,1.0,0.0,0.0,0.0,0.0,0.0,0.0,0.0,grp02535
gambela,0,IUD,0.0,<18,0.0,1.0,0.0,0.0,0.0,0.0,0.0,0.0,0.0,grp018
gambela,0,IUD,0.0,>35,0.0,1.0,0.0,0.0,0.0,0.0,0.0,0.0,0.0,grp035
gambela,0,Implant,0.0,18-20,0.0,0.0,0.0,0.0,0.0,0.0,1.0,0.0,0.0,grp01820
gambela,0,Implant,0.064684,20-25,0.0,0.0,1.0,0.0,0.0,0.0,0.0,0.0,0.0,grp020-25
gambela,0,Implant,0.132243,25-35,0.0,0.413042656322074,0.586957343677926,0.0,0.0,0.0,0.0,0.0,0.0,grp025-35
gambela,0,Implant,0.0,<18,0.0,0.0,0.0,0.0,0.0,0.0,1.0,0.0,0.0,grp018
gambela,0,Implant,0.0,>35,0.0,0.0,0.0,0.0,0.0,0.0,1.0,0.0,0.0,grp035
gambela,0,Injectable,0.040995,18-20,0.0,0.0,0.0,0.0,0.0,0.0,1.0,0.0,0.0,grp018-20
gambela,0,Injectable,0.211356,20-25,0.224687257518121,0.367252408259051,0.0,0.0,0.0,0.0,0.408060334222828,0.0,0.0,grp020-25
gambela,0,Injectable,0.035749,25-35,0.0,0.0,0.0,0.0,0.0,0.0,1.0,0.0,0.0,grp025-35
gambela,0,Injectable,0.218158,<18,0.746133536244373,0.0,0.0,0.0,0.0,0.0,0.253866463755627,0.0,0.0,grp0<18
gambela,0,Injectable,0.0,>35,0.0,0.0,1.0,0.0,0.0,0.0,0.0,0.0,0.0,grp035
gambela,0,None,0.0,18-20,0.0,0.0,1.0,0.0,0.0,0.0,0.0,0.0,0.0,grp01820
gambela,0,None,0.0,20-25,0.0,0.0,1.0,0.0,0.0,0.0,0.0,0.0,0.0,grp02025
gambela,0,None,0.0,25-35,0.0,0.0,1.0,0.0,0.0,0.0,0.0,0.0,0.0,grp02535
gambela,0,None,0.0,<18,0.0,0.0,1.0,0.0,0.0,0.0,0.0,0.0,0.0,grp018
gambela,0,None,0.0,>35,0.0,0.0,1.0,0.0,0.0,0.0,0.0,0.0,0.0,grp035
gambela,0,Other.mod,0.0,18-20,0.0,0.0,0.0,0.0,0.0,0.0,0.0,0.0,1.0,grp01820
gambela,0,Other.mod,0.0,20-25,0.0,0.0,0.0,0.0,0.0,0.0,0.0,0.0,1.0,grp02025
gambela,0,Other.mod,0.0,25-35,0.0,0.0,0.0,0.0,0.0,0.0,0.0,0.0,1.0,grp02535
gambela,0,Other.mod,0.0,<18,0.0,0.0,0.0,0.0,0.0,0.0,0.0,0.0,1.0,grp018
gambela,0,Other.mod,0.0,>35,0.0,0.0,0.0,0.0,0.0,0.0,0.0,0.0,1.0,grp035
gambela,0,Other.trad,0.0,18-20,0.0,0.0,0.0,0.0,0.0,0.0,0.0,1.0,0.0,grp01820
gambela,0,Other.trad,0.0,20-25,0.0,0.0,0.0,0.0,0.0,0.0,0.0,1.0,0.0,grp02025
gambela,0,Other.trad,0.0,25-35,0.0,0.0,0.0,0.0,0.0,0.0,0.0,1.0,0.0,grp02535
gambela,0,Other.trad,0.0,<18,0.0,0.0,0.0,0.0,0.0,0.0,0.0,1.0,0.0,grp018
gambela,0,Other.trad,0.0,>35,0.0,0.0,0.0,0.0,0.0,0.0,0.0,1.0,0.0,grp035
gambela,0,Pill,0.162775,18-20,0.0,0.0,0.523139302718476,0.0,0.0,0.0,0.0,0.0,0.476860697281524,grp018-20
gambela,0,Pill,0.169285,20-25,0.0,0.0,1.0,0.0,0.0,0.0,0.0,0.0,0.0,grp020-25
gambela,0,Pill,0.16675,25-35,0.0,0.0,0.664263868065967,0.0,0.0,0.0,0.335736131934033,0.0,0.0,grp025-35
gambela,0,Pill,0.0,<18,1.0,0.0,0.0,0.0,0.0,0.0,0.0,0.0,0.0,grp018
gambela,0,Pill,0.0,>35,1.0,0.0,0.0,0.0,0.0,0.0,0.0,0.0,0.0,grp035
gambela,0,Withdrawal,0.0,18-20,0.0,0.0,0.0,0.0,0.0,1.0,0.0,0.0,0.0,grp01820
gambela,0,Withdrawal,0.0,20-25,0.0,0.0,0.0,0.0,0.0,1.0,0.0,0.0,0.0,grp02025
gambela,0,Withdrawal,0.0,25-35,0.0,0.0,0.0,0.0,0.0,1.0,0.0,0.0,0.0,grp02535
gambela,0,Withdrawal,0.0,<18,0.0,0.0,0.0,0.0,0.0,1.0,0.0,0.0,0.0,grp018
gambela,0,Withdrawal,0.0,>35,0.0,0.0,0.0,0.0,0.0,1.0,0.0,0.0,0.0,grp035
gambela,1,Birth,0.218802,18-20,0.0,0.0,1.0,0.0,0.0,0.0,0.0,0.0,0.0,grp118-20
gambela,1,Birth,0.562731,20-25,0.275872486143468,0.0,0.586191270784798,0.0,0.0,0.0,0.0,0.0,0.137936243071734,grp120-25
gambela,1,Birth,0.774718,25-35,0.0714879478726453,0.0,0.928512052127355,0.0,0.0,0.0,0.0,0.0,0.0,grp125-35
gambela,1,Birth,0.162408,<18,0.334620215752919,0.0,0.665379784247081,0.0,0.0,0.0,0.0,0.0,0.0,grp1<18
gambela,1,Birth,0.0,>35,0.0,0.0,1.0,0.0,0.0,0.0,0.0,0.0,0.0,grp135
gambela,6,None,0.0,18-20,0.0,0.0,1.0,0.0,0.0,0.0,0.0,0.0,0.0,grp61820
gambela,6,None,0.0,20-25,0.0,0.0,1.0,0.0,0.0,0.0,0.0,0.0,0.0,grp62025
gambela,6,None,0.0,25-35,0.0,0.0,1.0,0.0,0.0,0.0,0.0,0.0,0.0,grp62535
gambela,6,None,0.0,<18,0.0,0.0,1.0,0.0,0.0,0.0,0.0,0.0,0.0,grp618
gambela,6,None,0.0,>35,0.0,0.0,1.0,0.0,0.0,0.0,0.0,0.0,0.0,grp635
harari,0,Condom,0.0,18-20,0.0,0.0,0.0,1.0,0.0,0.0,0.0,0.0,0.0,grp01820
harari,0,Condom,0.0,20-25,0.0,0.0,0.0,1.0,0.0,0.0,0.0,0.0,0.0,grp02025
harari,0,Condom,0.0,25-35,0.0,0.0,0.0,1.0,0.0,0.0,0.0,0.0,0.0,grp02535
harari,0,Condom,0.0,<18,0.0,0.0,0.0,1.0,0.0,0.0,0.0,0.0,0.0,grp018
harari,0,Condom,0.0,>35,0.0,0.0,0.0,1.0,0.0,0.0,0.0,0.0,0.0,grp035
harari,0,F.sterilization,0.0,18-20,0.0,0.0,0.0,0.0,1.0,0.0,0.0,0.0,0.0,grp01820
harari,0,F.sterilization,0.0,20-25,0.0,0.0,0.0,0.0,1.0,0.0,0.0,0.0,0.0,grp02025
harari,0,F.sterilization,0.0,25-35,0.0,0.0,0.0,0.0,1.0,0.0,0.0,0.0,0.0,grp02535
harari,0,F.sterilization,0.0,<18,0.0,0.0,0.0,0.0,1.0,0.0,0.0,0.0,0.0,grp018
harari,0,F.sterilization,0.0,>35,0.0,0.0,0.0,0.0,1.0,0.0,0.0,0.0,0.0,grp035
harari,0,IUD,0.0,18-20,0.0,1.0,0.0,0.0,0.0,0.0,0.0,0.0,0.0,grp01820
harari,0,IUD,0.098903,20-25,0.420280476830834,0.0,0.579719523169166,0.0,0.0,0.0,0.0,0.0,0.0,grp020-25
harari,0,IUD,0.0,25-35,0.0,1.0,0.0,0.0,0.0,0.0,0.0,0.0,0.0,grp02535
harari,0,IUD,0.0,<18,0.0,1.0,0.0,0.0,0.0,0.0,0.0,0.0,0.0,grp018
harari,0,IUD,0.0,>35,0.0,1.0,0.0,0.0,0.0,0.0,0.0,0.0,0.0,grp035
harari,0,Implant,0.027248,18-20,0.0,0.0,1.0,0.0,0.0,0.0,0.0,0.0,0.0,grp018-20
harari,0,Implant,0.137847,20-25,0.702031962973442,0.0,0.297968037026558,0.0,0.0,0.0,0.0,0.0,0.0,grp020-25
harari,0,Implant,0.107233,25-35,0.0,0.0,1.0,0.0,0.0,0.0,0.0,0.0,0.0,grp025-35
harari,0,Implant,0.040571,<18,1.0,0.0,0.0,0.0,0.0,0.0,0.0,0.0,0.0,grp0<18
harari,0,Implant,0.0,>35,0.0,0.0,0.0,0.0,0.0,0.0,1.0,0.0,0.0,grp035
harari,0,Injectable,0.0,18-20,0.0,0.0,1.0,0.0,0.0,0.0,0.0,0.0,0.0,grp01820
harari,0,Injectable,0.074302,20-25,0.5,0.0,0.0,0.0,0.0,0.0,0.5,0.0,0.0,grp020-25
harari,0,Injectable,0.157814,25-35,0.218751188107519,0.519681397087711,0.0,0.0,0.0,0.0,0.26156741480477,0.0,0.0,grp025-35
harari,0,Injectable,0.053824,<18,0.0,0.384754013079667,0.0,0.0,0.0,0.0,0.615245986920333,0.0,0.0,grp0<18
harari,0,Injectable,0.107899,>35,0.319947358177555,0.0,0.0,0.0,0.0,0.0,0.680052641822445,0.0,0.0,grp0>35
harari,0,None,0.0,18-20,0.0,0.0,1.0,0.0,0.0,0.0,0.0,0.0,0.0,grp01820
harari,0,None,0.0,20-25,0.0,0.0,1.0,0.0,0.0,0.0,0.0,0.0,0.0,grp02025
harari,0,None,0.0,25-35,0.0,0.0,1.0,0.0,0.0,0.0,0.0,0.0,0.0,grp02535
harari,0,None,0.0,<18,0.0,0.0,1.0,0.0,0.0,0.0,0.0,0.0,0.0,grp018
harari,0,None,0.0,>35,0.0,0.0,1.0,0.0,0.0,0.0,0.0,0.0,0.0,grp035
harari,0,Other.mod,0.0,18-20,0.0,0.0,0.0,0.0,0.0,0.0,0.0,0.0,1.0,grp01820
harari,0,Other.mod,0.0,20-25,0.0,0.0,0.0,0.0,0.0,0.0,0.0,0.0,1.0,grp02025
harari,0,Other.mod,0.0,25-35,0.0,0.0,0.0,0.0,0.0,0.0,0.0,0.0,1.0,grp02535
harari,0,Other.mod,0.0,<18,0.0,0.0,0.0,0.0,0.0,0.0,0.0,0.0,1.0,grp018
harari,0,Other.mod,0.0,>35,0.0,0.0,0.0,0.0,0.0,0.0,0.0,0.0,1.0,grp035
harari,0,Other.trad,0.0,18-20,0.0,0.0,0.0,0.0,0.0,0.0,0.0,1.0,0.0,grp01820
harari,0,Other.trad,0.0,20-25,0.0,0.0,0.0,0.0,0.0,0.0,0.0,1.0,0.0,grp02025
harari,0,Other.trad,0.0,25-35,0.0,0.0,0.0,0.0,0.0,0.0,0.0,1.0,0.0,grp02535
harari,0,Other.trad,0.0,<18,0.0,0.0,0.0,0.0,0.0,0.0,0.0,1.0,0.0,grp018
harari,0,Other.trad,0.0,>35,0.0,0.0,0.0,0.0,0.0,0.0,0.0,1.0,0.0,grp035
harari,0,Pill,0.041567,18-20,0.0,0.0,1.0,0.0,0.0,0.0,0.0,0.0,0.0,grp018-20
harari,0,Pill,0.0,20-25,1.0,0.0,0.0,0.0,0.0,0.0,0.0,0.0,0.0,grp02025
harari,0,Pill,0.050022,25-35,0.0,0.0,1.0,0.0,0.0,0.0,0.0,0.0,0.0,grp025-35
harari,0,Pill,0.0,<18,1.0,0.0,0.0,0.0,0.0,0.0,0.0,0.0,0.0,grp018
harari,0,Pill,0.034522,>35,0.0,0.0,0.0,0.0,0.0,0.0,1.0,0.0,0.0,grp0>35
harari,0,Withdrawal,0.0,18-20,0.0,0.0,0.0,0.0,0.0,1.0,0.0,0.0,0.0,grp01820
harari,0,Withdrawal,0.0,20-25,0.0,0.0,0.0,0.0,0.0,1.0,0.0,0.0,0.0,grp02025
harari,0,Withdrawal,0.0,25-35,0.0,0.0,0.0,0.0,0.0,1.0,0.0,0.0,0.0,grp02535
harari,0,Withdrawal,0.0,<18,0.0,0.0,0.0,0.0,0.0,1.0,0.0,0.0,0.0,grp018
harari,0,Withdrawal,0.0,>35,0.0,0.0,0.0,0.0,0.0,1.0,0.0,0.0,0.0,grp035
harari,1,Birth,0.034093,18-20,0.0,0.0,0.0,0.0,0.0,0.0,1.0,0.0,0.0,grp118-20
harari,1,Birth,0.443514,20-25,0.148590574367438,0.122383960821981,0.498198478514771,0.0,0.0,0.0,0.23082698629581,0.0,0.0,grp120-25
harari,1,Birth,0.325354,25-35,0.176226510201196,0.0,0.537300909163557,0.0,0.0,0.0,0.106105964580119,0.0,0.180366616055128,grp125-35
harari,1,Birth,0.132723,<18,0.38573570519051,0.0,0.0,0.0,0.0,0.0,0.61426429480949,0.0,0.0,grp1<18
harari,1,Birth,0.033115,>35,0.0,0.0,1.0,0.0,0.0,0.0,0.0,0.0,0.0,grp1>35
harari,6,None,0.0,18-20,0.0,0.0,1.0,0.0,0.0,0.0,0.0,0.0,0.0,grp61820
harari,6,None,0.0,20-25,0.0,0.0,1.0,0.0,0.0,0.0,0.0,0.0,0.0,grp62025
harari,6,None,0.0,25-35,0.0,0.0,1.0,0.0,0.0,0.0,0.0,0.0,0.0,grp62535
harari,6,None,0.0,<18,0.0,0.0,1.0,0.0,0.0,0.0,0.0,0.0,0.0,grp618
harari,6,None,0.0,>35,0.0,0.0,1.0,0.0,0.0,0.0,0.0,0.0,0.0,grp635
oromia,0,Condom,0.0,18-20,0.0,0.0,0.0,1.0,0.0,0.0,0.0,0.0,0.0,grp01820
oromia,0,Condom,0.0,20-25,0.0,0.0,0.0,1.0,0.0,0.0,0.0,0.0,0.0,grp02025
oromia,0,Condom,2.600153,25-35,0.0,0.0,1.0,0.0,0.0,0.0,0.0,0.0,0.0,grp025-35
oromia,0,Condom,0.0,<18,0.0,0.0,0.0,1.0,0.0,0.0,0.0,0.0,0.0,grp018
oromia,0,Condom,0.0,>35,0.0,0.0,0.0,1.0,0.0,0.0,0.0,0.0,0.0,grp035
oromia,0,F.sterilization,0.0,18-20,0.0,0.0,0.0,0.0,1.0,0.0,0.0,0.0,0.0,grp01820
oromia,0,F.sterilization,0.0,20-25,0.0,0.0,0.0,0.0,1.0,0.0,0.0,0.0,0.0,grp02025
oromia,0,F.sterilization,0.0,25-35,0.0,0.0,0.0,0.0,1.0,0.0,0.0,0.0,0.0,grp02535
oromia,0,F.sterilization,0.0,<18,0.0,0.0,0.0,0.0,1.0,0.0,0.0,0.0,0.0,grp018
oromia,0,F.sterilization,0.0,>35,0.0,0.0,0.0,0.0,1.0,0.0,0.0,0.0,0.0,grp035
oromia,0,IUD,0.0,18-20,0.0,1.0,0.0,0.0,0.0,0.0,0.0,0.0,0.0,grp01820
oromia,0,IUD,0.0,20-25,0.0,1.0,0.0,0.0,0.0,0.0,0.0,0.0,0.0,grp02025
oromia,0,IUD,0.0,25-35,0.0,1.0,0.0,0.0,0.0,0.0,0.0,0.0,0.0,grp02535
oromia,0,IUD,0.0,<18,0.0,1.0,0.0,0.0,0.0,0.0,0.0,0.0,0.0,grp018
oromia,0,IUD,0.0,>35,0.0,1.0,0.0,0.0,0.0,0.0,0.0,0.0,0.0,grp035
oromia,0,Implant,0.0,18-20,0.0,0.0,0.0,0.0,0.0,0.0,1.0,0.0,0.0,grp01820
oromia,0,Implant,7.80975,20-25,0.0,0.0,1.0,0.0,0.0,0.0,0.0,0.0,0.0,grp020-25
oromia,0,Implant,2.86192,25-35,0.0,0.0,1.0,0.0,0.0,0.0,0.0,0.0,0.0,grp025-35
oromia,0,Implant,0.0,<18,0.0,0.0,0.0,0.0,0.0,0.0,1.0,0.0,0.0,grp018
oromia,0,Implant,5.747695,>35,0.502075179702472,0.0,0.497924820297528,0.0,0.0,0.0,0.0,0.0,0.0,grp0>35
oromia,0,Injectable,2.532077,18-20,0.0,0.0,0.0,0.0,0.0,0.0,1.0,0.0,0.0,grp018-20
oromia,0,Injectable,17.820114,20-25,1.0,0.0,0.0,0.0,0.0,0.0,0.0,0.0,0.0,grp020-25
oromia,0,Injectable,46.854916,25-35,0.573528933442117,0.0574013194261195,0.0,0.0,0.0,0.0,0.309190971551416,0.0598787755803468,0.0,grp025-35
oromia,0,Injectable,2.444519,<18,1.0,0.0,0.0,0.0,0.0,0.0,0.0,0.0,0.0,grp0<18
oromia,0,Injectable,7.462057,>35,0.613273524981114,0.0,0.0,0.0,0.0,0.0,0.386726475018886,0.0,0.0,grp0>35
oromia,0,None,0.0,18-20,0.0,0.0,1.0,0.0,0.0,0.0,0.0,0.0,0.0,grp01820
oromia,0,None,0.0,20-25,0.0,0.0,1.0,0.0,0.0,0.0,0.0,0.0,0.0,grp02025
oromia,0,None,0.0,25-35,0.0,0.0,1.0,0.0,0.0,0.0,0.0,0.0,0.0,grp02535
oromia,0,None,0.0,<18,0.0,0.0,1.0,0.0,0.0,0.0,0.0,0.0,0.0,grp018
oromia,0,None,0.0,>35,0.0,0.0,1.0,0.0,0.0,0.0,0.0,0.0,0.0,grp035
oromia,0,Other.mod,0.0,18-20,0.0,0.0,0.0,0.0,0.0,0.0,0.0,0.0,1.0,grp01820
oromia,0,Other.mod,0.0,20-25,0.0,0.0,0.0,0.0,0.0,0.0,0.0,0.0,1.0,grp02025
oromia,0,Other.mod,0.0,25-35,0.0,0.0,0.0,0.0,0.0,0.0,0.0,0.0,1.0,grp02535
oromia,0,Other.mod,0.0,<18,0.0,0.0,0.0,0.0,0.0,0.0,0.0,0.0,1.0,grp018
oromia,0,Other.mod,0.0,>35,0.0,0.0,0.0,0.0,0.0,0.0,0.0,0.0,1.0,grp035
oromia,0,Other.trad,0.0,18-20,0.0,0.0,0.0,0.0,0.0,0.0,0.0,1.0,0.0,grp01820
oromia,0,Other.trad,4.830051,20-25,0.517888734508186,0.0,0.482111265491814,0.0,0.0,0.0,0.0,0.0,0.0,grp020-25
oromia,0,Other.trad,0.0,25-35,0.0,0.0,0.0,0.0,0.0,0.0,0.0,1.0,0.0,grp02535
oromia,0,Other.trad,0.0,<18,0.0,0.0,0.0,0.0,0.0,0.0,0.0,1.0,0.0,grp018
oromia,0,Other.trad,0.0,>35,0.0,0.0,0.0,0.0,0.0,0.0,0.0,1.0,0.0,grp035
oromia,0,Pill,0.0,18-20,1.0,0.0,0.0,0.0,0.0,0.0,0.0,0.0,0.0,grp01820
oromia,0,Pill,13.632027,20-25,0.0,0.144962227554273,0.855037772445727,0.0,0.0,0.0,0.0,0.0,0.0,grp020-25
oromia,0,Pill,36.822717,25-35,0.0,0.0,0.808685654564817,0.0,0.0,0.0,0.191314345435183,0.0,0.0,grp025-35
oromia,0,Pill,3.347232,<18,0.0,0.0,0.0,0.0,0.0,0.0,0.0,0.0,1.0,grp0<18
oromia,0,Pill,3.456862,>35,0.0,0.0,1.0,0.0,0.0,0.0,0.0,0.0,0.0,grp0>35
oromia,0,Withdrawal,0.0,18-20,0.0,0.0,0.0,0.0,0.0,1.0,0.0,0.0,0.0,grp01820
oromia,0,Withdrawal,0.0,20-25,0.0,0.0,0.0,0.0,0.0,1.0,0.0,0.0,0.0,grp02025
oromia,0,Withdrawal,0.0,25-35,0.0,0.0,0.0,0.0,0.0,1.0,0.0,0.0,0.0,grp02535
oromia,0,Withdrawal,0.0,<18,0.0,0.0,0.0,0.0,0.0,1.0,0.0,0.0,0.0,grp018
oromia,0,Withdrawal,0.0,>35,0.0,0.0,0.0,0.0,0.0,1.0,0.0,0.0,0.0,grp035
oromia,1,Birth,15.827232,18-20,0.0,0.0,1.0,0.0,0.0,0.0,0.0,0.0,0.0,grp118-20
oromia,1,Birth,55.027264,20-25,0.0,0.0,0.796915416328895,0.0,0.0,0.0,0.203084583671105,0.0,0.0,grp120-25
oromia,1,Birth,23.253588,25-35,0.0,0.21272127983002,0.673581599536381,0.0,0.0,0.0,0.113697120633599,0.0,0.0,grp125-35
oromia,1,Birth,19.762912,<18,0.128122667347808,0.0,0.702507960365355,0.0,0.0,0.0,0.169369372286837,0.0,0.0,grp1<18
oromia,1,Birth,14.401964,>35,0.0,0.0,0.81945844330676,0.0,0.18054155669324,0.0,0.0,0.0,0.0,grp1>35
oromia,6,None,0.0,18-20,0.0,0.0,1.0,0.0,0.0,0.0,0.0,0.0,0.0,grp61820
oromia,6,None,0.0,20-25,0.0,0.0,1.0,0.0,0.0,0.0,0.0,0.0,0.0,grp62025
oromia,6,None,0.0,25-35,0.0,0.0,1.0,0.0,0.0,0.0,0.0,0.0,0.0,grp62535
oromia,6,None,0.0,<18,0.0,0.0,1.0,0.0,0.0,0.0,0.0,0.0,0.0,grp618
oromia,6,None,0.0,>35,0.0,0.0,1.0,0.0,0.0,0.0,0.0,0.0,0.0,grp635
sidama,0,Condom,0.0,18-20,0.0,0.0,0.0,1.0,0.0,0.0,0.0,0.0,0.0,grp01820
sidama,0,Condom,0.0,20-25,0.0,0.0,0.0,1.0,0.0,0.0,0.0,0.0,0.0,grp02025
sidama,0,Condom,0.0,25-35,0.0,0.0,0.0,1.0,0.0,0.0,0.0,0.0,0.0,grp02535
sidama,0,Condom,0.0,<18,0.0,0.0,0.0,1.0,0.0,0.0,0.0,0.0,0.0,grp018
sidama,0,Condom,0.0,>35,0.0,0.0,0.0,1.0,0.0,0.0,0.0,0.0,0.0,grp035
sidama,0,F.sterilization,0.0,18-20,0.0,0.0,0.0,0.0,1.0,0.0,0.0,0.0,0.0,grp01820
sidama,0,F.sterilization,0.0,20-25,0.0,0.0,0.0,0.0,1.0,0.0,0.0,0.0,0.0,grp02025
sidama,0,F.sterilization,0.0,25-35,0.0,0.0,0.0,0.0,1.0,0.0,0.0,0.0,0.0,grp02535
sidama,0,F.sterilization,0.0,<18,0.0,0.0,0.0,0.0,1.0,0.0,0.0,0.0,0.0,grp018
sidama,0,F.sterilization,0.0,>35,0.0,0.0,0.0,0.0,1.0,0.0,0.0,0.0,0.0,grp035
sidama,0,IUD,0.0,18-20,0.0,1.0,0.0,0.0,0.0,0.0,0.0,0.0,0.0,grp01820
sidama,0,IUD,0.0,20-25,0.0,1.0,0.0,0.0,0.0,0.0,0.0,0.0,0.0,grp02025
sidama,0,IUD,0.0,25-35,0.0,1.0,0.0,0.0,0.0,0.0,0.0,0.0,0.0,grp02535
sidama,0,IUD,0.0,<18,0.0,1.0,0.0,0.0,0.0,0.0,0.0,0.0,0.0,grp018
sidama,0,IUD,0.0,>35,0.0,1.0,0.0,0.0,0.0,0.0,0.0,0.0,0.0,grp035
sidama,0,Implant,0.0,18-20,0.0,0.0,0.0,0.0,0.0,0.0,1.0,0.0,0.0,grp01820
sidama,0,Implant,3.230604,20-25,0.0,0.0,1.0,0.0,0.0,0.0,0.0,0.0,0.0,grp020-25
sidama,0,Implant,0.0,25-35,0.0,0.0,0.0,0.0,0.0,0.0,1.0,0.0,0.0,grp02535
sidama,0,Implant,0.0,<18,0.0,0.0,0.0,0.0,0.0,0.0,1.0,0.0,0.0,grp018
sidama,0,Implant,1.740988,>35,0.0,0.0,1.0,0.0,0.0,0.0,0.0,0.0,0.0,grp0>35
sidama,0,Injectable,4.714357,18-20,0.361066419025967,0.0,0.0,0.0,0.0,0.0,0.638933580974033,0.0,0.0,grp018-20
sidama,0,Injectable,5.62702,20-25,0.735700779453423,0.0,0.0,0.0,0.0,0.0,0.0,0.0,0.264299220546577,grp020-25
sidama,0,Injectable,11.257822,25-35,0.163032867281078,0.0,0.0,0.0,0.148756926517403,0.0,0.688210206201519,0.0,0.0,grp025-35
sidama,0,Injectable,1.317149,<18,0.0,0.0,0.0,0.0,0.0,0.0,0.0,1.0,0.0,grp0<18
sidama,0,Injectable,3.485372,>35,0.49951282101308,0.0,0.0,0.0,0.0,0.0,0.50048717898692,0.0,0.0,grp0>35
sidama,0,None,0.0,18-20,0.0,0.0,1.0,0.0,0.0,0.0,0.0,0.0,0.0,grp01820
sidama,0,None,0.0,20-25,0.0,0.0,1.0,0.0,0.0,0.0,0.0,0.0,0.0,grp02025
sidama,0,None,0.0,25-35,0.0,0.0,1.0,0.0,0.0,0.0,0.0,0.0,0.0,grp02535
sidama,0,None,0.0,<18,0.0,0.0,1.0,0.0,0.0,0.0,0.0,0.0,0.0,grp018
sidama,0,None,0.0,>35,0.0,0.0,1.0,0.0,0.0,0.0,0.0,0.0,0.0,grp035
sidama,0,Other.mod,0.0,18-20,0.0,0.0,0.0,0.0,0.0,0.0,0.0,0.0,1.0,grp01820
sidama,0,Other.mod,0.0,20-25,0.0,0.0,0.0,0.0,0.0,0.0,0.0,0.0,1.0,grp02025
sidama,0,Other.mod,0.0,25-35,0.0,0.0,0.0,0.0,0.0,0.0,0.0,0.0,1.0,grp02535
sidama,0,Other.mod,0.0,<18,0.0,0.0,0.0,0.0,0.0,0.0,0.0,0.0,1.0,grp018
sidama,0,Other.mod,0.0,>35,0.0,0.0,0.0,0.0,0.0,0.0,0.0,0.0,1.0,grp035
sidama,0,Other.trad,0.0,18-20,0.0,0.0,0.0,0.0,0.0,0.0,0.0,1.0,0.0,grp01820
sidama,0,Other.trad,0.0,20-25,0.0,0.0,0.0,0.0,0.0,0.0,0.0,1.0,0.0,grp02025
sidama,0,Other.trad,0.0,25-35,0.0,0.0,0.0,0.0,0.0,0.0,0.0,1.0,0.0,grp02535
sidama,0,Other.trad,0.0,<18,0.0,0.0,0.0,0.0,0.0,0.0,0.0,1.0,0.0,grp018
sidama,0,Other.trad,0.0,>35,0.0,0.0,0.0,0.0,0.0,0.0,0.0,1.0,0.0,grp035
sidama,0,Pill,0.0,18-20,1.0,0.0,0.0,0.0,0.0,0.0,0.0,0.0,0.0,grp01820
sidama,0,Pill,5.687642,20-25,0.0,0.0,0.662389440122989,0.0,0.0,0.0,0.33761055987701,0.0,0.0,grp020-25
sidama,0,Pill,2.870258,25-35,0.0,0.0,1.0,0.0,0.0,0.0,0.0,0.0,0.0,grp025-35
sidama,0,Pill,0.0,<18,1.0,0.0,0.0,0.0,0.0,0.0,0.0,0.0,0.0,grp018
sidama,0,Pill,0.0,>35,1.0,0.0,0.0,0.0,0.0,0.0,0.0,0.0,0.0,grp035
sidama,0,Withdrawal,0.0,18-20,0.0,0.0,0.0,0.0,0.0,1.0,0.0,0.0,0.0,grp01820
sidama,0,Withdrawal,0.0,20-25,0.0,0.0,0.0,0.0,0.0,1.0,0.0,0.0,0.0,grp02025
sidama,0,Withdrawal,0.0,25-35,0.0,0.0,0.0,0.0,0.0,1.0,0.0,0.0,0.0,grp02535
sidama,0,Withdrawal,0.0,<18,0.0,0.0,0.0,0.0,0.0,1.0,0.0,0.0,0.0,grp018
sidama,0,Withdrawal,0.0,>35,0.0,0.0,0.0,0.0,0.0,1.0,0.0,0.0,0.0,grp035
sidama,1,Birth,24.444484,18-20,0.0710458850348406,0.0,0.601617731018581,0.0,0.0,0.0,0.327336383946579,0.0,0.0,grp118-20
sidama,1,Birth,42.658923,20-25,0.014104083218416,0.0623834549221976,0.90940837864097,0.0,0.0,0.0,0.014104083218416,0.0,0.0,grp120-25
sidama,1,Birth,51.641807,25-35,0.0816598652328336,0.0400814983100804,0.64119526259025,0.0,0.0338918814362944,0.0,0.203171492430542,0.0,0.0,grp125-35
sidama,1,Birth,11.085917,<18,0.0,0.138784008575926,0.703336584605495,0.0,0.0,0.0,0.157879406818579,0.0,0.0,grp1<18
sidama,1,Birth,18.635577,>35,0.0322858261914831,0.116368492373485,0.763274407870494,0.0,0.0,0.0,0.0880712735645373,0.0,0.0,grp1>35
sidama,6,None,0.0,18-20,0.0,0.0,1.0,0.0,0.0,0.0,0.0,0.0,0.0,grp61820
sidama,6,None,0.0,20-25,0.0,0.0,1.0,0.0,0.0,0.0,0.0,0.0,0.0,grp62025
sidama,6,None,0.0,25-35,0.0,0.0,1.0,0.0,0.0,0.0,0.0,0.0,0.0,grp62535
sidama,6,None,0.0,<18,0.0,0.0,1.0,0.0,0.0,0.0,0.0,0.0,0.0,grp618
sidama,6,None,0.0,>35,0.0,0.0,1.0,0.0,0.0,0.0,0.0,0.0,0.0,grp635
somali,0,Condom,0.0,18-20,0.0,0.0,0.0,1.0,0.0,0.0,0.0,0.0,0.0,grp01820
somali,0,Condom,0.0,20-25,0.0,0.0,0.0,1.0,0.0,0.0,0.0,0.0,0.0,grp02025
somali,0,Condom,0.0,25-35,0.0,0.0,0.0,1.0,0.0,0.0,0.0,0.0,0.0,grp02535
somali,0,Condom,0.0,<18,0.0,0.0,0.0,1.0,0.0,0.0,0.0,0.0,0.0,grp018
somali,0,Condom,0.0,>35,0.0,0.0,0.0,1.0,0.0,0.0,0.0,0.0,0.0,grp035
somali,0,F.sterilization,0.0,18-20,0.0,0.0,0.0,0.0,1.0,0.0,0.0,0.0,0.0,grp01820
somali,0,F.sterilization,0.0,20-25,0.0,0.0,0.0,0.0,1.0,0.0,0.0,0.0,0.0,grp02025
somali,0,F.sterilization,0.0,25-35,0.0,0.0,0.0,0.0,1.0,0.0,0.0,0.0,0.0,grp02535
somali,0,F.sterilization,0.0,<18,0.0,0.0,0.0,0.0,1.0,0.0,0.0,0.0,0.0,grp018
somali,0,F.sterilization,0.0,>35,0.0,0.0,0.0,0.0,1.0,0.0,0.0,0.0,0.0,grp035
somali,0,IUD,0.0,18-20,0.0,1.0,0.0,0.0,0.0,0.0,0.0,0.0,0.0,grp01820
somali,0,IUD,0.0,20-25,0.0,1.0,0.0,0.0,0.0,0.0,0.0,0.0,0.0,grp02025
somali,0,IUD,0.0,25-35,0.0,1.0,0.0,0.0,0.0,0.0,0.0,0.0,0.0,grp02535
somali,0,IUD,0.0,<18,0.0,1.0,0.0,0.0,0.0,0.0,0.0,0.0,0.0,grp018
somali,0,IUD,0.0,>35,0.0,1.0,0.0,0.0,0.0,0.0,0.0,0.0,0.0,grp035
somali,0,Implant,0.0,18-20,0.0,0.0,0.0,0.0,0.0,0.0,1.0,0.0,0.0,grp01820
somali,0,Implant,0.0,20-25,0.0,0.0,0.0,0.0,0.0,0.0,1.0,0.0,0.0,grp02025
somali,0,Implant,0.335768,25-35,0.0,0.0,1.0,0.0,0.0,0.0,0.0,0.0,0.0,grp025-35
somali,0,Implant,0.0,<18,0.0,0.0,0.0,0.0,0.0,0.0,1.0,0.0,0.0,grp018
somali,0,Implant,0.0,>35,0.0,0.0,0.0,0.0,0.0,0.0,1.0,0.0,0.0,grp035
somali,0,Injectable,0.0,18-20,0.0,0.0,1.0,0.0,0.0,0.0,0.0,0.0,0.0,grp01820
somali,0,Injectable,0.0,20-25,0.0,0.0,1.0,0.0,0.0,0.0,0.0,0.0,0.0,grp02025
somali,0,Injectable,0.573278,25-35,0.585698387169925,0.414301612830075,0.0,0.0,0.0,0.0,0.0,0.0,0.0,grp025-35
somali,0,Injectable,0.0,<18,0.0,0.0,1.0,0.0,0.0,0.0,0.0,0.0,0.0,grp018
somali,0,Injectable,0.0,>35,0.0,0.0,1.0,0.0,0.0,0.0,0.0,0.0,0.0,grp035
somali,0,None,0.0,18-20,0.0,0.0,1.0,0.0,0.0,0.0,0.0,0.0,0.0,grp01820
somali,0,None,0.0,20-25,0.0,0.0,1.0,0.0,0.0,0.0,0.0,0.0,0.0,grp02025
somali,0,None,0.0,25-35,0.0,0.0,1.0,0.0,0.0,0.0,0.0,0.0,0.0,grp02535
somali,0,None,0.0,<18,0.0,0.0,1.0,0.0,0.0,0.0,0.0,0.0,0.0,grp018
somali,0,None,0.0,>35,0.0,0.0,1.0,0.0,0.0,0.0,0.0,0.0,0.0,grp035
somali,0,Other.mod,0.0,18-20,0.0,0.0,0.0,0.0,0.0,0.0,0.0,0.0,1.0,grp01820
somali,0,Other.mod,0.0,20-25,0.0,0.0,0.0,0.0,0.0,0.0,0.0,0.0,1.0,grp02025
somali,0,Other.mod,0.0,25-35,0.0,0.0,0.0,0.0,0.0,0.0,0.0,0.0,1.0,grp02535
somali,0,Other.mod,0.0,<18,0.0,0.0,0.0,0.0,0.0,0.0,0.0,0.0,1.0,grp018
somali,0,Other.mod,0.0,>35,0.0,0.0,0.0,0.0,0.0,0.0,0.0,0.0,1.0,grp035
somali,0,Other.trad,0.0,18-20,0.0,0.0,0.0,0.0,0.0,0.0,0.0,1.0,0.0,grp01820
somali,0,Other.trad,0.0,20-25,0.0,0.0,0.0,0.0,0.0,0.0,0.0,1.0,0.0,grp02025
somali,0,Other.trad,0.0,25-35,0.0,0.0,0.0,0.0,0.0,0.0,0.0,1.0,0.0,grp02535
somali,0,Other.trad,0.0,<18,0.0,0.0,0.0,0.0,0.0,0.0,0.0,1.0,0.0,grp018
somali,0,Other.trad,0.0,>35,0.0,0.0,0.0,0.0,0.0,0.0,0.0,1.0,0.0,grp035
somali,0,Pill,0.0,18-20,1.0,0.0,0.0,0.0,0.0,0.0,0.0,0.0,0.0,grp01820
somali,0,Pill,0.0,20-25,1.0,0.0,0.0,0.0,0.0,0.0,0.0,0.0,0.0,grp02025
somali,0,Pill,0.0,25-35,1.0,0.0,0.0,0.0,0.0,0.0,0.0,0.0,0.0,grp02535
somali,0,Pill,0.0,<18,1.0,0.0,0.0,0.0,0.0,0.0,0.0,0.0,0.0,grp018
somali,0,Pill,0.171758,>35,0.0,0.0,0.0,0.0,0.0,0.0,0.0,1.0,0.0,grp0>35
somali,0,Withdrawal,0.0,18-20,0.0,0.0,0.0,0.0,0.0,1.0,0.0,0.0,0.0,grp01820
somali,0,Withdrawal,0.0,20-25,0.0,0.0,0.0,0.0,0.0,1.0,0.0,0.0,0.0,grp02025
somali,0,Withdrawal,0.0,25-35,0.0,0.0,0.0,0.0,0.0,1.0,0.0,0.0,0.0,grp02535
somali,0,Withdrawal,0.0,<18,0.0,0.0,0.0,0.0,0.0,1.0,0.0,0.0,0.0,grp018
somali,0,Withdrawal,0.0,>35,0.0,0.0,0.0,0.0,0.0,1.0,0.0,0.0,0.0,grp035
somali,1,Birth,0.0,18-20,0.0,0.0,1.0,0.0,0.0,0.0,0.0,0.0,0.0,grp11820
somali,1,Birth,0.247547,20-25,1.0,0.0,0.0,0.0,0.0,0.0,0.0,0.0,0.0,grp120-25
somali,1,Birth,0.0,25-35,0.0,0.0,1.0,0.0,0.0,0.0,0.0,0.0,0.0,grp12535
somali,1,Birth,0.0,<18,0.0,0.0,1.0,0.0,0.0,0.0,0.0,0.0,0.0,grp118
somali,1,Birth,0.0,>35,0.0,0.0,1.0,0.0,0.0,0.0,0.0,0.0,0.0,grp135
somali,6,None,0.0,18-20,0.0,0.0,1.0,0.0,0.0,0.0,0.0,0.0,0.0,grp61820
somali,6,None,0.0,20-25,0.0,0.0,1.0,0.0,0.0,0.0,0.0,0.0,0.0,grp62025
somali,6,None,0.0,25-35,0.0,0.0,1.0,0.0,0.0,0.0,0.0,0.0,0.0,grp62535
somali,6,None,0.0,<18,0.0,0.0,1.0,0.0,0.0,0.0,0.0,0.0,0.0,grp618
somali,6,None,0.0,>35,0.0,0.0,1.0,0.0,0.0,0.0,0.0,0.0,0.0,grp635
south,0,Condom,0.0,18-20,0.0,0.0,0.0,1.0,0.0,0.0,0.0,0.0,0.0,grp01820
south,0,Condom,0.0,20-25,0.0,0.0,0.0,1.0,0.0,0.0,0.0,0.0,0.0,grp02025
south,0,Condom,0.0,25-35,0.0,0.0,0.0,1.0,0.0,0.0,0.0,0.0,0.0,grp02535
south,0,Condom,0.0,<18,0.0,0.0,0.0,1.0,0.0,0.0,0.0,0.0,0.0,grp018
south,0,Condom,0.0,>35,0.0,0.0,0.0,1.0,0.0,0.0,0.0,0.0,0.0,grp035
south,0,F.sterilization,0.0,18-20,0.0,0.0,0.0,0.0,1.0,0.0,0.0,0.0,0.0,grp01820
south,0,F.sterilization,0.0,20-25,0.0,0.0,0.0,0.0,1.0,0.0,0.0,0.0,0.0,grp02025
south,0,F.sterilization,0.0,25-35,0.0,0.0,0.0,0.0,1.0,0.0,0.0,0.0,0.0,grp02535
south,0,F.sterilization,0.0,<18,0.0,0.0,0.0,0.0,1.0,0.0,0.0,0.0,0.0,grp018
south,0,F.sterilization,0.0,>35,0.0,0.0,0.0,0.0,1.0,0.0,0.0,0.0,0.0,grp035
south,0,IUD,0.0,18-20,0.0,1.0,0.0,0.0,0.0,0.0,0.0,0.0,0.0,grp01820
south,0,IUD,0.0,20-25,0.0,1.0,0.0,0.0,0.0,0.0,0.0,0.0,0.0,grp02025
south,0,IUD,0.0,25-35,0.0,1.0,0.0,0.0,0.0,0.0,0.0,0.0,0.0,grp02535
south,0,IUD,0.0,<18,0.0,1.0,0.0,0.0,0.0,0.0,0.0,0.0,0.0,grp018
south,0,IUD,0.0,>35,0.0,1.0,0.0,0.0,0.0,0.0,0.0,0.0,0.0,grp035
south,0,Implant,0.0,18-20,0.0,0.0,0.0,0.0,0.0,0.0,1.0,0.0,0.0,grp01820
south,0,Implant,3.230604,20-25,0.0,0.0,1.0,0.0,0.0,0.0,0.0,0.0,0.0,grp020-25
south,0,Implant,0.0,25-35,0.0,0.0,0.0,0.0,0.0,0.0,1.0,0.0,0.0,grp02535
south,0,Implant,0.0,<18,0.0,0.0,0.0,0.0,0.0,0.0,1.0,0.0,0.0,grp018
south,0,Implant,1.740988,>35,0.0,0.0,1.0,0.0,0.0,0.0,0.0,0.0,0.0,grp0>35
south,0,Injectable,4.714357,18-20,0.361066419025967,0.0,0.0,0.0,0.0,0.0,0.638933580974033,0.0,0.0,grp018-20
south,0,Injectable,5.62702,20-25,0.735700779453423,0.0,0.0,0.0,0.0,0.0,0.0,0.0,0.264299220546577,grp020-25
south,0,Injectable,11.257822,25-35,0.163032867281078,0.0,0.0,0.0,0.148756926517403,0.0,0.688210206201519,0.0,0.0,grp025-35
south,0,Injectable,1.317149,<18,0.0,0.0,0.0,0.0,0.0,0.0,0.0,1.0,0.0,grp0<18
south,0,Injectable,3.485372,>35,0.49951282101308,0.0,0.0,0.0,0.0,0.0,0.50048717898692,0.0,0.0,grp0>35
south,0,None,0.0,18-20,0.0,0.0,1.0,0.0,0.0,0.0,0.0,0.0,0.0,grp01820
south,0,None,0.0,20-25,0.0,0.0,1.0,0.0,0.0,0.0,0.0,0.0,0.0,grp02025
south,0,None,0.0,25-35,0.0,0.0,1.0,0.0,0.0,0.0,0.0,0.0,0.0,grp02535
south,0,None,0.0,<18,0.0,0.0,1.0,0.0,0.0,0.0,0.0,0.0,0.0,grp018
south,0,None,0.0,>35,0.0,0.0,1.0,0.0,0.0,0.0,0.0,0.0,0.0,grp035
south,0,Other.mod,0.0,18-20,0.0,0.0,0.0,0.0,0.0,0.0,0.0,0.0,1.0,grp01820
south,0,Other.mod,0.0,20-25,0.0,0.0,0.0,0.0,0.0,0.0,0.0,0.0,1.0,grp02025
south,0,Other.mod,0.0,25-35,0.0,0.0,0.0,0.0,0.0,0.0,0.0,0.0,1.0,grp02535
south,0,Other.mod,0.0,<18,0.0,0.0,0.0,0.0,0.0,0.0,0.0,0.0,1.0,grp018
south,0,Other.mod,0.0,>35,0.0,0.0,0.0,0.0,0.0,0.0,0.0,0.0,1.0,grp035
south,0,Other.trad,0.0,18-20,0.0,0.0,0.0,0.0,0.0,0.0,0.0,1.0,0.0,grp01820
south,0,Other.trad,0.0,20-25,0.0,0.0,0.0,0.0,0.0,0.0,0.0,1.0,0.0,grp02025
south,0,Other.trad,0.0,25-35,0.0,0.0,0.0,0.0,0.0,0.0,0.0,1.0,0.0,grp02535
south,0,Other.trad,0.0,<18,0.0,0.0,0.0,0.0,0.0,0.0,0.0,1.0,0.0,grp018
south,0,Other.trad,0.0,>35,0.0,0.0,0.0,0.0,0.0,0.0,0.0,1.0,0.0,grp035
south,0,Pill,0.0,18-20,1.0,0.0,0.0,0.0,0.0,0.0,0.0,0.0,0.0,grp01820
south,0,Pill,5.687642,20-25,0.0,0.0,0.662389440122989,0.0,0.0,0.0,0.33761055987701,0.0,0.0,grp020-25
south,0,Pill,2.870258,25-35,0.0,0.0,1.0,0.0,0.0,0.0,0.0,0.0,0.0,grp025-35
south,0,Pill,0.0,<18,1.0,0.0,0.0,0.0,0.0,0.0,0.0,0.0,0.0,grp018
south,0,Pill,0.0,>35,1.0,0.0,0.0,0.0,0.0,0.0,0.0,0.0,0.0,grp035
south,0,Withdrawal,0.0,18-20,0.0,0.0,0.0,0.0,0.0,1.0,0.0,0.0,0.0,grp01820
south,0,Withdrawal,0.0,20-25,0.0,0.0,0.0,0.0,0.0,1.0,0.0,0.0,0.0,grp02025
south,0,Withdrawal,0.0,25-35,0.0,0.0,0.0,0.0,0.0,1.0,0.0,0.0,0.0,grp02535
south,0,Withdrawal,0.0,<18,0.0,0.0,0.0,0.0,0.0,1.0,0.0,0.0,0.0,grp018
south,0,Withdrawal,0.0,>35,0.0,0.0,0.0,0.0,0.0,1.0,0.0,0.0,0.0,grp035
south,1,Birth,24.444484,18-20,0.0710458850348406,0.0,0.601617731018581,0.0,0.0,0.0,0.327336383946579,0.0,0.0,grp118-20
south,1,Birth,42.658923,20-25,0.014104083218416,0.0623834549221976,0.90940837864097,0.0,0.0,0.0,0.014104083218416,0.0,0.0,grp120-25
south,1,Birth,51.641807,25-35,0.0816598652328336,0.0400814983100804,0.64119526259025,0.0,0.0338918814362944,0.0,0.203171492430542,0.0,0.0,grp125-35
south,1,Birth,11.085917,<18,0.0,0.138784008575926,0.703336584605495,0.0,0.0,0.0,0.157879406818579,0.0,0.0,grp1<18
south,1,Birth,18.635577,>35,0.0322858261914831,0.116368492373485,0.763274407870494,0.0,0.0,0.0,0.0880712735645373,0.0,0.0,grp1>35
south,6,None,0.0,18-20,0.0,0.0,1.0,0.0,0.0,0.0,0.0,0.0,0.0,grp61820
south,6,None,0.0,20-25,0.0,0.0,1.0,0.0,0.0,0.0,0.0,0.0,0.0,grp62025
south,6,None,0.0,25-35,0.0,0.0,1.0,0.0,0.0,0.0,0.0,0.0,0.0,grp62535
south,6,None,0.0,<18,0.0,0.0,1.0,0.0,0.0,0.0,0.0,0.0,0.0,grp618
south,6,None,0.0,>35,0.0,0.0,1.0,0.0,0.0,0.0,0.0,0.0,0.0,grp635
southwest,0,Condom,0.0,18-20,0.0,0.0,0.0,1.0,0.0,0.0,0.0,0.0,0.0,grp01820
southwest,0,Condom,0.0,20-25,0.0,0.0,0.0,1.0,0.0,0.0,0.0,0.0,0.0,grp02025
southwest,0,Condom,0.0,25-35,0.0,0.0,0.0,1.0,0.0,0.0,0.0,0.0,0.0,grp02535
southwest,0,Condom,0.0,<18,0.0,0.0,0.0,1.0,0.0,0.0,0.0,0.0,0.0,grp018
southwest,0,Condom,0.0,>35,0.0,0.0,0.0,1.0,0.0,0.0,0.0,0.0,0.0,grp035
southwest,0,F.sterilization,0.0,18-20,0.0,0.0,0.0,0.0,1.0,0.0,0.0,0.0,0.0,grp01820
southwest,0,F.sterilization,0.0,20-25,0.0,0.0,0.0,0.0,1.0,0.0,0.0,0.0,0.0,grp02025
southwest,0,F.sterilization,0.0,25-35,0.0,0.0,0.0,0.0,1.0,0.0,0.0,0.0,0.0,grp02535
southwest,0,F.sterilization,0.0,<18,0.0,0.0,0.0,0.0,1.0,0.0,0.0,0.0,0.0,grp018
southwest,0,F.sterilization,0.0,>35,0.0,0.0,0.0,0.0,1.0,0.0,0.0,0.0,0.0,grp035
southwest,0,IUD,0.0,18-20,0.0,1.0,0.0,0.0,0.0,0.0,0.0,0.0,0.0,grp01820
southwest,0,IUD,0.0,20-25,0.0,1.0,0.0,0.0,0.0,0.0,0.0,0.0,0.0,grp02025
southwest,0,IUD,0.0,25-35,0.0,1.0,0.0,0.0,0.0,0.0,0.0,0.0,0.0,grp02535
southwest,0,IUD,0.0,<18,0.0,1.0,0.0,0.0,0.0,0.0,0.0,0.0,0.0,grp018
southwest,0,IUD,0.0,>35,0.0,1.0,0.0,0.0,0.0,0.0,0.0,0.0,0.0,grp035
southwest,0,Implant,0.0,18-20,0.0,0.0,0.0,0.0,0.0,0.0,1.0,0.0,0.0,grp01820
southwest,0,Implant,3.230604,20-25,0.0,0.0,1.0,0.0,0.0,0.0,0.0,0.0,0.0,grp020-25
southwest,0,Implant,0.0,25-35,0.0,0.0,0.0,0.0,0.0,0.0,1.0,0.0,0.0,grp02535
southwest,0,Implant,0.0,<18,0.0,0.0,0.0,0.0,0.0,0.0,1.0,0.0,0.0,grp018
southwest,0,Implant,1.740988,>35,0.0,0.0,1.0,0.0,0.0,0.0,0.0,0.0,0.0,grp0>35
southwest,0,Injectable,4.714357,18-20,0.361066419025967,0.0,0.0,0.0,0.0,0.0,0.638933580974033,0.0,0.0,grp018-20
southwest,0,Injectable,5.62702,20-25,0.735700779453423,0.0,0.0,0.0,0.0,0.0,0.0,0.0,0.264299220546577,grp020-25
southwest,0,Injectable,11.257822,25-35,0.163032867281078,0.0,0.0,0.0,0.148756926517403,0.0,0.688210206201519,0.0,0.0,grp025-35
southwest,0,Injectable,1.317149,<18,0.0,0.0,0.0,0.0,0.0,0.0,0.0,1.0,0.0,grp0<18
southwest,0,Injectable,3.485372,>35,0.49951282101308,0.0,0.0,0.0,0.0,0.0,0.50048717898692,0.0,0.0,grp0>35
southwest,0,None,0.0,18-20,0.0,0.0,1.0,0.0,0.0,0.0,0.0,0.0,0.0,grp01820
southwest,0,None,0.0,20-25,0.0,0.0,1.0,0.0,0.0,0.0,0.0,0.0,0.0,grp02025
southwest,0,None,0.0,25-35,0.0,0.0,1.0,0.0,0.0,0.0,0.0,0.0,0.0,grp02535
southwest,0,None,0.0,<18,0.0,0.0,1.0,0.0,0.0,0.0,0.0,0.0,0.0,grp018
southwest,0,None,0.0,>35,0.0,0.0,1.0,0.0,0.0,0.0,0.0,0.0,0.0,grp035
southwest,0,Other.mod,0.0,18-20,0.0,0.0,0.0,0.0,0.0,0.0,0.0,0.0,1.0,grp01820
southwest,0,Other.mod,0.0,20-25,0.0,0.0,0.0,0.0,0.0,0.0,0.0,0.0,1.0,grp02025
southwest,0,Other.mod,0.0,25-35,0.0,0.0,0.0,0.0,0.0,0.0,0.0,0.0,1.0,grp02535
southwest,0,Other.mod,0.0,<18,0.0,0.0,0.0,0.0,0.0,0.0,0.0,0.0,1.0,grp018
southwest,0,Other.mod,0.0,>35,0.0,0.0,0.0,0.0,0.0,0.0,0.0,0.0,1.0,grp035
southwest,0,Other.trad,0.0,18-20,0.0,0.0,0.0,0.0,0.0,0.0,0.0,1.0,0.0,grp01820
southwest,0,Other.trad,0.0,20-25,0.0,0.0,0.0,0.0,0.0,0.0,0.0,1.0,0.0,grp02025
southwest,0,Other.trad,0.0,25-35,0.0,0.0,0.0,0.0,0.0,0.0,0.0,1.0,0.0,grp02535
southwest,0,Other.trad,0.0,<18,0.0,0.0,0.0,0.0,0.0,0.0,0.0,1.0,0.0,grp018
southwest,0,Other.trad,0.0,>35,0.0,0.0,0.0,0.0,0.0,0.0,0.0,1.0,0.0,grp035
southwest,0,Pill,0.0,18-20,1.0,0.0,0.0,0.0,0.0,0.0,0.0,0.0,0.0,grp01820
southwest,0,Pill,5.687642,20-25,0.0,0.0,0.662389440122989,0.0,0.0,0.0,0.33761055987701,0.0,0.0,grp020-25
southwest,0,Pill,2.870258,25-35,0.0,0.0,1.0,0.0,0.0,0.0,0.0,0.0,0.0,grp025-35
southwest,0,Pill,0.0,<18,1.0,0.0,0.0,0.0,0.0,0.0,0.0,0.0,0.0,grp018
southwest,0,Pill,0.0,>35,1.0,0.0,0.0,0.0,0.0,0.0,0.0,0.0,0.0,grp035
southwest,0,Withdrawal,0.0,18-20,0.0,0.0,0.0,0.0,0.0,1.0,0.0,0.0,0.0,grp01820
southwest,0,Withdrawal,0.0,20-25,0.0,0.0,0.0,0.0,0.0,1.0,0.0,0.0,0.0,grp02025
southwest,0,Withdrawal,0.0,25-35,0.0,0.0,0.0,0.0,0.0,1.0,0.0,0.0,0.0,grp02535
southwest,0,Withdrawal,0.0,<18,0.0,0.0,0.0,0.0,0.0,1.0,0.0,0.0,0.0,grp018
southwest,0,Withdrawal,0.0,>35,0.0,0.0,0.0,0.0,0.0,1.0,0.0,0.0,0.0,grp035
southwest,1,Birth,24.444484,18-20,0.0710458850348406,0.0,0.601617731018581,0.0,0.0,0.0,0.327336383946579,0.0,0.0,grp118-20
southwest,1,Birth,42.658923,20-25,0.014104083218416,0.0623834549221976,0.90940837864097,0.0,0.0,0.0,0.014104083218416,0.0,0.0,grp120-25
southwest,1,Birth,51.641807,25-35,0.0816598652328336,0.0400814983100804,0.64119526259025,0.0,0.0338918814362944,0.0,0.203171492430542,0.0,0.0,grp125-35
southwest,1,Birth,11.085917,<18,0.0,0.138784008575926,0.703336584605495,0.0,0.0,0.0,0.157879406818579,0.0,0.0,grp1<18
southwest,1,Birth,18.635577,>35,0.0322858261914831,0.116368492373485,0.763274407870494,0.0,0.0,0.0,0.0880712735645373,0.0,0.0,grp1>35
southwest,6,None,0.0,18-20,0.0,0.0,1.0,0.0,0.0,0.0,0.0,0.0,0.0,grp61820
southwest,6,None,0.0,20-25,0.0,0.0,1.0,0.0,0.0,0.0,0.0,0.0,0.0,grp62025
southwest,6,None,0.0,25-35,0.0,0.0,1.0,0.0,0.0,0.0,0.0,0.0,0.0,grp62535
southwest,6,None,0.0,<18,0.0,0.0,1.0,0.0,0.0,0.0,0.0,0.0,0.0,grp618
southwest,6,None,0.0,>35,0.0,0.0,1.0,0.0,0.0,0.0,0.0,0.0,0.0,grp635
tigray,0,Condom,0.0,18-20,0.0,0.0,0.0,1.0,0.0,0.0,0.0,0.0,0.0,grp01820
tigray,0,Condom,0.0,20-25,0.0,0.0,0.0,1.0,0.0,0.0,0.0,0.0,0.0,grp02025
tigray,0,Condom,0.0,25-35,0.0,0.0,0.0,1.0,0.0,0.0,0.0,0.0,0.0,grp02535
tigray,0,Condom,0.0,<18,0.0,0.0,0.0,1.0,0.0,0.0,0.0,0.0,0.0,grp018
tigray,0,Condom,0.0,>35,0.0,0.0,0.0,1.0,0.0,0.0,0.0,0.0,0.0,grp035
tigray,0,F.sterilization,0.0,18-20,0.0,0.0,0.0,0.0,1.0,0.0,0.0,0.0,0.0,grp01820
tigray,0,F.sterilization,0.0,20-25,0.0,0.0,0.0,0.0,1.0,0.0,0.0,0.0,0.0,grp02025
tigray,0,F.sterilization,0.0,25-35,0.0,0.0,0.0,0.0,1.0,0.0,0.0,0.0,0.0,grp02535
tigray,0,F.sterilization,0.0,<18,0.0,0.0,0.0,0.0,1.0,0.0,0.0,0.0,0.0,grp018
tigray,0,F.sterilization,0.0,>35,0.0,0.0,0.0,0.0,1.0,0.0,0.0,0.0,0.0,grp035
tigray,0,IUD,2.541308,18-20,0.304141804141804,0.0,0.695858195858196,0.0,0.0,0.0,0.0,0.0,0.0,grp018-20
tigray,0,IUD,0.0,20-25,0.0,1.0,0.0,0.0,0.0,0.0,0.0,0.0,0.0,grp02025
tigray,0,IUD,0.0,25-35,0.0,1.0,0.0,0.0,0.0,0.0,0.0,0.0,0.0,grp02535
tigray,0,IUD,0.0,<18,0.0,1.0,0.0,0.0,0.0,0.0,0.0,0.0,0.0,grp018
tigray,0,IUD,0.0,>35,0.0,1.0,0.0,0.0,0.0,0.0,0.0,0.0,0.0,grp035
tigray,0,Implant,2.673329,18-20,0.308774191279861,0.0,0.691225808720139,0.0,0.0,0.0,0.0,0.0,0.0,grp018-20
tigray,0,Implant,3.44351,20-25,0.134533078167335,0.0,0.865466921832665,0.0,0.0,0.0,0.0,0.0,0.0,grp020-25
tigray,0,Implant,3.829418,25-35,0.120975563388484,0.0,0.879024436611516,0.0,0.0,0.0,0.0,0.0,0.0,grp025-35
tigray,0,Implant,0.0,<18,0.0,0.0,0.0,0.0,0.0,0.0,1.0,0.0,0.0,grp018
tigray,0,Implant,3.623384,>35,0.0,0.0,1.0,0.0,0.0,0.0,0.0,0.0,0.0,grp0>35
tigray,0,Injectable,5.457991,18-20,0.170106180094471,0.0,0.0,0.0,0.0,0.0,0.829893819905529,0.0,0.0,grp018-20
tigray,0,Injectable,9.368288,20-25,0.288790758781113,0.0,0.0,0.0251518740670654,0.0,0.0,0.686057367151821,0.0,0.0,grp020-25
tigray,0,Injectable,9.037897,25-35,0.329860253994928,0.0,0.0,0.0,0.0,0.0913326407680902,0.578807105236982,0.0,0.0,grp025-35
tigray,0,Injectable,2.009425,<18,0.0,0.0,0.0,0.0,0.0,0.0,1.0,0.0,0.0,grp0<18
tigray,0,Injectable,4.887582,>35,0.158139137102968,0.0,0.0,0.0,0.0,0.0,0.696850712683695,0.145010150213337,0.0,grp0>35
tigray,0,None,0.0,18-20,0.0,0.0,1.0,0.0,0.0,0.0,0.0,0.0,0.0,grp01820
tigray,0,None,0.0,20-25,0.0,0.0,1.0,0.0,0.0,0.0,0.0,0.0,0.0,grp02025
tigray,0,None,0.0,25-35,0.0,0.0,1.0,0.0,0.0,0.0,0.0,0.0,0.0,grp02535
tigray,0,None,0.0,<18,0.0,0.0,1.0,0.0,0.0,0.0,0.0,0.0,0.0,grp018
tigray,0,None,0.0,>35,0.0,0.0,1.0,0.0,0.0,0.0,0.0,0.0,0.0,grp035
tigray,0,Other.mod,0.0,18-20,0.0,0.0,0.0,0.0,0.0,0.0,0.0,0.0,1.0,grp01820
tigray,0,Other.mod,0.463266,20-25,0.0,0.0,1.0,0.0,0.0,0.0,0.0,0.0,0.0,grp020-25
tigray,0,Other.mod,0.0,25-35,0.0,0.0,0.0,0.0,0.0,0.0,0.0,0.0,1.0,grp02535
tigray,0,Other.mod,0.0,<18,0.0,0.0,0.0,0.0,0.0,0.0,0.0,0.0,1.0,grp018
tigray,0,Other.mod,0.0,>35,0.0,0.0,0.0,0.0,0.0,0.0,0.0,0.0,1.0,grp035
tigray,0,Other.trad,0.0,18-20,0.0,0.0,0.0,0.0,0.0,0.0,0.0,1.0,0.0,grp01820
tigray,0,Other.trad,0.0,20-25,0.0,0.0,0.0,0.0,0.0,0.0,0.0,1.0,0.0,grp02025
tigray,0,Other.trad,0.0,25-35,0.0,0.0,0.0,0.0,0.0,0.0,0.0,1.0,0.0,grp02535
tigray,0,Other.trad,0.0,<18,0.0,0.0,0.0,0.0,0.0,0.0,0.0,1.0,0.0,grp018
tigray,0,Other.trad,0.0,>35,0.0,0.0,0.0,0.0,0.0,0.0,0.0,1.0,0.0,grp035
tigray,0,Pill,0.0,18-20,1.0,0.0,0.0,0.0,0.0,0.0,0.0,0.0,0.0,grp01820
tigray,0,Pill,0.0,20-25,1.0,0.0,0.0,0.0,0.0,0.0,0.0,0.0,0.0,grp02025
tigray,0,Pill,1.636802,25-35,0.0,0.0,1.0,0.0,0.0,0.0,0.0,0.0,0.0,grp025-35
tigray,0,Pill,0.0,<18,1.0,0.0,0.0,0.0,0.0,0.0,0.0,0.0,0.0,grp018
tigray,0,Pill,1.383374,>35,0.0,0.0,0.392823632654654,0.0,0.0,0.0,0.0,0.607176367345346,0.0,grp0>35
tigray,0,Withdrawal,0.0,18-20,0.0,0.0,0.0,0.0,0.0,1.0,0.0,0.0,0.0,grp01820
tigray,0,Withdrawal,0.0,20-25,0.0,0.0,0.0,0.0,0.0,1.0,0.0,0.0,0.0,grp02025
tigray,0,Withdrawal,0.0,25-35,0.0,0.0,0.0,0.0,0.0,1.0,0.0,0.0,0.0,grp02535
tigray,0,Withdrawal,0.0,<18,0.0,0.0,0.0,0.0,0.0,1.0,0.0,0.0,0.0,grp018
tigray,0,Withdrawal,0.0,>35,0.0,0.0,0.0,0.0,0.0,1.0,0.0,0.0,0.0,grp035
tigray,1,Birth,4.350226,18-20,0.0,0.0,1.0,0.0,0.0,0.0,0.0,0.0,0.0,grp118-20
tigray,1,Birth,9.17917,20-25,0.0,0.0,0.788319314273513,0.0,0.0,0.0,0.211680685726487,0.0,0.0,grp120-25
tigray,1,Birth,3.913711,25-35,0.0,0.138272090095564,0.510808795028555,0.0,0.210913631589047,0.0,0.140005483286834,0.0,0.0,grp125-35
tigray,1,Birth,6.390518,<18,0.0801761296971544,0.0,0.839647740605691,0.0,0.0,0.0,0.0801761296971544,0.0,0.0,grp1<18
tigray,1,Birth,1.815911,>35,0.299255855600853,0.0,0.266896340184073,0.0,0.0,0.0,0.433847804215074,0.0,0.0,grp1>35
tigray,6,None,0.0,18-20,0.0,0.0,1.0,0.0,0.0,0.0,0.0,0.0,0.0,grp61820
tigray,6,None,0.0,20-25,0.0,0.0,1.0,0.0,0.0,0.0,0.0,0.0,0.0,grp62025
tigray,6,None,0.0,25-35,0.0,0.0,1.0,0.0,0.0,0.0,0.0,0.0,0.0,grp62535
tigray,6,None,0.0,<18,0.0,0.0,1.0,0.0,0.0,0.0,0.0,0.0,0.0,grp618
tigray,6,None,0.0,>35,0.0,0.0,1.0,0.0,0.0,0.0,0.0,0.0,0.0,grp635
